Title,Description,Organization,Fit,Level,Rationale
WS3800398796 (W6369-22X038) TSPS Reissue - DND Project Management Support,"This bid solicitation is being issued to satisfy the requirement of the Department of National Defence (DND) to support DND’s project management, business analytics, change management and training development and delivery activities for current and future acquisition projects.",Department of Public Works and Government Services (PSPC),TRUE,Low,"Project management is one of the services offered by Indigenous Communities Engagement (ICE), but this job is not related to Indigenous communities in anyway. Technically it could be performed by ICE, but it does  not seizes it's key differentiators."
Wild Salmon Policy Habitat & Ecosystem Status” Report for Early Stuart Sockeye,"There has been worldwide attention to rebuilding species and ecosystems. With the creation of the new Pacific Salmon Strategy Initiative (PSSI), DFO has committed developing rebuilding plans for prioritized salmon stocks. The Fraser Interior Area Stewardship &amp; Partnerships (FIA S&amp;P) group will be conducting a collaborative rebuilding planning process with Indigenous Groups and external partners for the Early Stuart sockeye stock management unit (SMU). There is also work being completed in three other areas and on the development of a standardized, horizontal approach to rebuilding planning for future use. This contract will assist in providing background information on the Early Stuart sockeye watershed’s habitat and ecosystem statuses, following guidance from the Wild Salmon Policy. This contract is for a professional report collating available data and information on Early Stuart sockeye and their habitat. The objective of the report is to provide a complete background on the historical and current condition of Early Stuart sockeye habitats and ecosystem functions. Appendix 1 provides a Table of Contents outlining the minimum requirements of the report. Pacific salmon have been declining for decades. The modernized Fisheries Act introduced the Fish Stocks Provisions (FSP) to address the decline. The federal government also created the Pacific Salmon Strategy Initiative (PSSI), a multi-faceted and transformational program, to assist in salmon recovery. The Integrated Rebuilding Unit (IRU) is part of the recently formed Stewardship Directorate resulting from PSSI. The work of the IRU involves developing a horizontal approach for integrated strategic planning for salmon stocks. The IRU will also be assisting Area teams with developing 4 area-based collaborative rebuilding plans for different areas in the Pacific Region. To assist in the rebuilding plan process for Early Stuart sockeye, it is imperative that background information on the ecosystem, watershed, habitat and stock be collected and succinctly collated. This contract will assist in providing background information on the watershed’s habitat and ecosystem statuses, following guidance from the Wild Salmon Policy. Both western science and Indigenous Knowledge are to be included. Review of the draft documents will include DFO and Indigenous partners (UFFCA, Takla Nation, Tl’azt’en First Nation, Nak’azdli First Nation, and other later identified First Nations). The tasks to be completed include but are not limited to the following; 3.2.1 Background research 3.2.2 Literature and document review 3.2.3 Collection and analyses of both qualitative and quantitative data compilation, synthesis and dissemination of findings 3.2.4 Development of supporting Figures and Tables 3.2.5 GIS/Mapping exercise 3.2.6 Provide progress updates with steering committee/rebuilding team as requested by the Project Authority.",Fisheries and Oceans Canada,TRUE,High,"This contract requires environmental studies, quantitative and qualitative data collection, Indigenous communities engagement and multistakeholder engagement. It's a perfect fit for Indigenous Communities Engagement (ICE)."
Waste collection and management,"The Company wishes to hire a firm specializing in waste collection, for Recurring Services and On-Demand Services requested by the Company (“Services”). 

Services are divided into Recurring Services and On-Demand Services. Recurring Services are Services of a predetermined frequency that are invoiced to the Company on a monthly basis. On-Demand Services are Services that the Company requests through a Statement of Work by email and that do not fall within the scope of Recurring Services. Both types of Services are described in greater detail below.

a) Recurring Services:
•	Collect residual materials from compactors and containers according to the frequencies established by the Company described in Schedule 1A herein, with such frequencies subject to amendment by the Company at its discretion;
o	The Preferred Proponent must complete all waste collection between 6 a.m. and 9 a.m., without exception.
o	The Preferred Proponent’s driver may be required to open enclosed areas to access to the containers.
•	The supply, delivery, installation, and electrical connection of the Equipment required for the waste management program (including but not limited to containers, compactors, mechanical arms, rails, safety cages, and other required equipment). The number and type of Equipment are described in greater detail in Schedule 1A herein, and shall be subject to amendment by the Company at its discretion; 
•	Installation and uninstallation, once a year, of the compactor at Jacques-Cartier Pier, as well as the rail system used to anchor the compactor to the ground, on a date to be determined in agreement with the Company;
•	Transportation and disposal of waste off site.
•	Containers and compactors must be digitally coded.
•	The frequency of the Recurring Services varies according to the seasons (winter and spring); these seasonal frequencies are described in greater detail in Schedule 1A herein. 
•	The Company, in its sole discretion, reserves the right to change the frequency of Recurring Services, the requested collection schedule, and the number and type of Equipment required.

b) On-Demand Services:
•	Services upon request 365 days/year, as required by the Company, for waste collection, Equipment rental, transportation and disposal, at the rates provided for such services.

The objectives are to:
•	 Obtain prompt and preferential services upon request for the Company’s entire premises (the “Site”).
•	Obtain timely services upon request for consultations within 48 hours of the issuance of a consultation request.

Services may be required at the following buildings on the Company’s Site:
•	Bota Bota
•	Lock House
•	De l’Étang pavilion
•	Montreal Science Centre (including Belvedere)
•	Lower section of Clock Tower Pier
•	Clock Tower
•	Jacques-Cartier pavilion
•	The Company reserves the right to add any other building or location where the Services may be required.",OLD PORT OF MONTREAL CORPORATION INC.,FALSE,,"Although Waste Collection could be considered under the scope of environmental sciences related work, it is way off the services offered by Indigenous Communities Engagement (ICE)"
W8486-249254/001/AR - One (1) Intermediate Project Manager,"File Number: W8486-249254/A
Tier: 1 (< $2M)

This requirement is for the Department of National Defence (DND) for the services of Two (2) Intermediate Project Managers under Stream 3, Project Management Services. The intent of this solicitation is to establish up to two (2) Contracts each for two (2) initial years, with the option to extend the term of the Contract by up to four (4) one-year irrevocable option periods under the same conditions. This solicitation is only open to the below list of pre-qualified suppliers under the Task and Solutions Professional Services (TSPS) Supply Arrangement (SA) number E60ZT-18TSPS.

Documents may be submitted in either official language of Canada.

RFP documents will be e-mailed directly from the Contracting Authority to the Qualified Supply Arrangement Holders who are being invited to bid on this requirement. Bidders are advised that the RFP documents are not available on the CanadaBuys Tender Management Application (https://canadabuys.canada.ca).

The TSPS Method of Supply is a result of a formal competitive process which was established as a result of extensive consultations with industry. The Method of Supply provides suppliers with an on-going opportunity to become prequalified for participation in future bidding opportunities. To obtain more information about how to become a pre-qualified supplier for TSPS please contact Public Works and Government Services Canada (PWGSC).

For general information on the various PWGSC Methods of Supply, or to obtain specific information on a PWGSC professional service method of supply, please visit PWGSC's CanadaBuys Tender Management Application website at: https://canadabuys.canada.ca/en/about-us/news-and-events/transition-canadabuys-tender-management-application#msg
ADDITIONAL INFORMATION FOR BIDDERS
	
For services requirements, Bidders must provide the required information as detailed in article 2.3 of Part 2 of the bid solicitation, in order to comply with Treasury Board policies and directives on contracts awarded to former public servants.

Security Requirement:

There are security requirements associated with this requirement:

Supplier Security Clearance required: Secret.
Security Level required (Document Safeguarding): None
Citizen Restriction: None

For additional information, consult Part 6 – Security and Other Requirements, and Part 7 – Resulting Contract Clauses. For more information on personnel and organization security screening or security clauses, bidders should refer to the Industrial Security Program (ISP) of Public Works and Government Services Canada (http://ssi-iss.tpsgc-pwgsc.gc.ca/index-eng.html) website.

Location of Work:

Region: National Capital Region

Specific Location: NDHQ Carling Campus, 3500 Carling Avenue, Ottawa, Ontario.

BIDDERS’ INQUIRIES

Inquiries regarding this Request for Proposal requirement must be submitted to the Contracting Authority:

Name:  Jennifer Ouellet
Email:   jennifer.ouellet2@forces.gc.ca 

The Crown retains the rights to negotiate with suppliers on any procurement.",Department of National Defence,TRUE,Low,"Project management is one of the services offered by Indigenous Communities Engagement (ICE), but this job is not related to Indigenous communities in anyway. Technically it could be performed by ICE, but it does  not seizes it's key differentiators."
Vocational training on high-tech equipment for Indigenous inmates,"An advanced contract award notice (ACAN) is a public notice indicating to the supplier community that a department or agency intends to award a Standing Offer for goods, services or construction to a pre-identified supplier, thereby allowing other suppliers to signal their interest in bidding, by submitting a statement of capabilities. If no supplier submits a statement of capabilities that meets the requirements set out in the ACAN, on or before the closing date and time stated in the ACAN, the contracting officer may then proceed with the award to the pre-identified supplier.

1. Definition of the requirement:

The Correctional Service Canada (CSC) CORCAN has a requirement to provide vocational training for federal Indigenous offenders that will meet community standards and labour market conditions. The work will require the following:

1.1 Objectives:

Provide third party certification courses in heat press, vinyl, laser and 3D printing to Indigenous offender groups in the federal institutions in the Quebec Region listed in 1.5.1 for making traditional Indigenous items.

1.2 Tasks:

The Offeror must:

•	Provide qualified trainers with the skills and expertise to Indigenous communities to deliver high level technology training in heat press, vinyl, laser and 3D printing for the purpose of making traditional Indigenous items in respect of their traditions.
•	Provide all necessary materials for each training session on site at the institutions listed in Appendix B (art supplies) including, but not limited to: equipment (various machines), instructional materials such as training manuals, written and practical exercises, and craft materials (including but not limited to leather, beads). 
•	Provide a complete list of tools and equipment to the person responsible for coordinating CORCAN training sessions two weeks prior to the program start date.
•	Provide a training program that includes time for classroom theoretical training and practical exercises. These practical exercises must include concepts enabling the acquisition of skills for using the d07ifferent technologies taught.
•	Submit a list of successful and unsuccessful participants to the person responsible for coordinating CORCAN training within 14 days of course completion. 
•	Submit to the person responsible for coordinating CORCAN training, within 30 days of course completion, recognized certificates for successful candidates. 
The Offeror’s resources must:
•	Participate in an orientation at the designated training location prior to delivery of training. 

•	Determine course dates in consultation with the person responsible for coordinating CORCAN training.

•	Arrive, at least, 30 to 45 minutes prior to the start time of the course to allow time for processing by the principal entrance security and resolve any logistical issue, set up and be ready for arrival of participants.

•	Ensure area of work is searched at the end of each day and any tool control, attendance management and security procedures are followed as identified in the site orientation prior to course delivery.

•	Ensure that equipment is disinfected before and after each use by the instructor. 

•	Take attendance and obtain the names of participants at each training session. 

•	Conduct the necessary testing for the completion of each course. 



1.3 Expected results:

•	Provide Indigenous offenders with access to high-level technology training through cultural teaching that respects their traditions.

•	Increase vocational skills training to Indigenous offenders; 

•	Promote and encourage the participation of Indigenous offenders in learning programs;

•	Promote and when required, administer Indigenous offenders’ access to appropriate employment and employability services in the community; 

•	Enhance Indigenous offenders’ ability to seek and maintain employment while under supervision in the community; 

•	Promote innovative, culturally relevant training of Indigenous offenders in responding to labour market trends.

1.4 Deliverables:

1.4.1	

•	   Provide high-level courses to participating Indigenous offenders through group sessions, providing theoretical and practical learning in both official languages;

•	   Provide sufficient resources (trainers) to deliver the training at each institution;

•	   Provide training materials and equipment, written and practical exercises, and testing as required for the completion of the applicable course and any other necessary equipment. All types of media used to deliver the training must be approved in advance and identified by the person responsible for coordinating CORCAN training;

•	   Deliver all materials and equipment to the institution prior to start of course (materials/equipment will be stored on site during the course);

•	   Provide offenders with state-of-the-art material and equipment in a portable format (same equipment used in the community);

•	   Submit a list of successful participants to the person responsible for coordinating CORCAN training;

•	   Send a hard copy of the certificates for successful participants by mail to CORCAN Employment and Employability Program, 250 Montée Saint-François, Laval, Quebec H7C 1S5 within 30 days of course completion;

•	   Submit the dates of training, the location and number of participants to the person responsible for coordinating CORCAN training within 10 days of completion of each course.

1.4.2	Paper consumption: 

a.	Should printed material be required, double sided printing in black and white format is the default unless otherwise specified by the Project Authority. 

b.	The Offeror must ensure printed material is on paper with a minimum recycled content of 30% and/or certified as originating from a sustainably managed forest. 

c.	The Offeror must recycle unneeded printed documents (in accordance with Security Requirements).

1.5 Constraints:

1.5.1	Location of work:

	a.	The Offeror must perform the work at 

Joliette Institution (for woman)
400 Marsolais Street
Joliette, QC J6E 8V4


Archambault Institution (minimum)
244 Gibson Boulevard
Sainte-Anne-des-Plaines, QC J5N 1V8

Archambault Institution (medium)
242 Gibson Boulevard
Sainte-Anne-des-Plaines, QC J5N 1V8

Federal Training Center (multi level unit)
6099 Lévesque Boulevard East
Laval, QC H7C1P1


		b.	Travel

			 
			i.	Travel to the following locations will be required for performance of the work under this contract:
 
Joliette Institution (for woman)
400 Marsolais Street
Joliette, QC J6E 8V4


Archambault Institution (minimum)
244 Gibson Boulevard
Sainte-Anne-des-Plaines, QC J5N 1V8

Archambault Institution (medium)
242 Gibson Boulevard
Sainte-Anne-des-Plaines, QC J5N 1V8

Federal Training Center (multi level units)
6099 Lévesque Boulevard East
Laval, QC H7C1P1


1.5.2	Language of Work:

The offeror must perform all work in both languages French and English.

1.5.3 Institutional Access Requirements

	Offeror personnel will be escorted at all times by Correctional Service Canada personnel or those authorized by CSC on its behalf.   Offeror personnel must adhere to institutional requirements for the conduct of searches by Correctional Service Canada prior to admittance to the institution/site. Correctional Service Canada reserves the right to deny access to any institution/site or part thereof by any Offeror personnel, at any time.



2. Criteria for assessment of the statement of capabilities (minimum essential requirements):

Any interested supplier must demonstrate by way of a statement of capabilities that it meets the following requirements:


Experience: 


-	Four (4) years experience within the ten (10) years prior to the closing date of this ACAN in providing designated holistic learning services to Indigenous female and male clientele in a culturally appropriate manner.

-	Have at least two certified trainers with one (1) year experience within the five (5) years prior to the closing date of this ACAN in providing training on designated high tech heat press, vinyl, laser and 3D printing equipment for making traditional Indigenous items. 

To confirm the experience, the supplier must provide, in each case:

•	The name of the Instructor;
•	The name of the Aboriginal or other communities where the training was given (ie 3D printing, laser, vinyl, heat press);
•	The types of training given by the instructor.

-	Have a specialized training stream for Indigenous female clientele.

-	Demonstrate by providing three references that it has established partnerships as a bridge to Indigenous communities, so that learners have the skills to be recognized by employers in their community.

The supplier must demonstrate compliance by providing three references confirming the partnership;

•	The reference’s name, telephone number or email address.

3. Applicability of the trade agreement(s) to the procurement


This procurement is not subject to any trade agreement.

4. Set-aside under the Procurement Strategy for Indigenous Business


This procurement is set-aside for an Indigenous Supplier in accordance with the government Procurement Strategy for Indigenous Business (PSIB). Therefore, only suppliers who meet the definition of an Indigenous business, as defined in the PSIB, may submit a statement of capabilities.

5. Comprehensive Land Claims Agreement(s)

This procurement is not subject to a Comprehensive Land Claims Agreement.


6. Justification for the Pre-Identified Supplier

The First Peoples Innovation Centre is the only supplier able to offer training that respects and enhances Indigenous traditions allowing CSC’s Indigenous inmate population to benefit from this learning and apply it to their reintegration into their communities.


The pre-identified supplier meets all of the minimum essential requirements described in this ACAN.

7. Government Contracts Regulations Exception(s)

The following exception to the Government Contracts Regulations is invoked for this procurement under subsection: 

 (d) only one person is capable of performing the contract.

8. Exclusions and/or Limited Tendering Reasons

The following exclusion(s) and/or limited tendering reasons are invoked under the section of the trade agreement(s) specified: 

This procurement is not subject to any trade agreement.

9. Ownership of Intellectual Property

There are no intellectual property terms in the Standing Offer.

10. Period of the proposed Standing Offer or delivery date

The proposed Standing Offer for a period of one year, from date August 1, 2023 to July 31, 2024 with an option to extend the contract for one additional one year period.

11. Cost estimate of the proposed Standing Offer

The estimated value of the Standing Offer including option(s) is $ 365,755.41 (GST/HST extra).

12. Name and address of the pre-identified supplier

Name: Centre d’innovation des Premiers Peuples
Address: 85B Promenade du Portage, Gatineau, Quebec, J8X 2K2

13. Suppliers' right to submit a statement of capabilities

Suppliers who consider themselves fully qualified and available to provide the goods, services or construction services described in the ACAN, may submit a statement of capabilities in writing to the contact person identified in this notice on or before the closing date and time of this notice. The statement of capabilities must clearly demonstrate how the supplier meets the advertised requirements.

14. Closing date and time for a submission of a statement of capabilities

The closing date and time for accepting statements of capabilities is July 14, 2023 at 2:00 PM EDT.

15. Inquiries and submission of statements of capabilities

Inquiries and statement of capabilities are to be directed to:

Linda Mandeville, Senior Procurement Officer
340 Laurier Ave. W., Ottawa, ON, K1A 0P9
Telephone: 438-357-6503
E-mail: linda.mandeville@csc-scc.gc.ca",Correctional Service of Canada ,TRUE,Medium,"Training and capacity building is one of the core services offered by Indigenous Communities Engagement (ICE). Despite ICE might not have personnel with the specific technical skills required or the infrastructure to develop such training, it could partner with other experts or firms to achieve it.

It's not a perfect fit, but it's quite good."
Virtual Management Training,"The Canada Revenue Agency (CRA) intends to enter into a contract with a single contractor for the Virtual Management Training Program on an as-and-when-requested basis.The contract will contain irrevocable options to extend the term of the Contract by up to two (2) 3-month periods under the same conditions.The proposed period of contract shall be from contract award to December 31, 2023.A bid must comply with the requirements of the bid solicitation and meet all mandatory evaluation criteria to be declared responsive. The responsive bid with the highest combined rating of technical merit and price will be recommended for award of a contract.Proposal documents and supporting information must be submitted in either English or French.Conditional Set-Aside Under the Procurement Strategy for Indigenous BusinessThis procurement may be conditionally set aside under the federal government Procurement Strategy for Indigenous Business.In order to be considered for the set-aside, the Bidder must certify that it qualifies as an Indigenous business as defined under PSIB and that it will comply with all requirements of PSIB. If bids from two (2) or more Indigenous businesses are compliant with the terms of the Request for Proposal, the contracting authority will limit the competition to those Indigenous businesses and will not consider bids from any non-Indigenous businesses that may have been submitted.For more information on Indigenous business requirements of the Set-aside Program for Indigenous Business, refer to Eligibility for Indigenous procurement set aside and Procurement information for Indigenous business ownersQuestions must be directed in writing to the contracting authority via email: huyquan.do@cra-arc.gc.caBids must be submitted by using the Connect service provided by the Canada Post Corporation. When responding, the proposal MUST be delivered to:Canada Revenue AgencyBid Receiving UnitBRUg@cra-arc.gc.caBids will not be accepted if emailed directly to this email address. This email address must be used to request that CRA open a Connect conversation, as detailed in Standard Instructions 2003. Bidders must not use their own licensing agreement for Connect to initiate a Connect conversation with CRA.The CRA reserves the right to negotiate with suppliers on any procurement.The work location will be remote. Trainings will take place virtually.There are NO security requirements associated with this requirementThis bid solicitation 1000411342 cancels and supersedes previous bid solicitation number 1000379688 dated January 06, 2022 with a closing of January 28, 2022 02:00 PM EST. The main changes in the revised solicitation 1000411342 are found at:GeneralOpen tender on buyandsell.gc.ca as opposed to using Learning Services Supply Arrangement.Annex A: Statement of work:Additional requirement of a 5th session to follow up with participants;Additional requirement of a producer/technician; andAn estimated increase of 400 participants, to a total of 1800 from 1400 participants.Annex B: Basis of PaymentFirm All-Inclusive Price per participant per virtual management training program.Evaluation CriteriaAdditional point-rated criterion R3",Canada Revenue Agency,FALSE,,"Although the procurement for this contract is set aside for Indigenous businesses and Indigenous Communities Engagement (ICE) is an indigenous business, virtual management training is not a service the firm offers. It is also not evident nor obvious that the firm holds the technical knowledge and expertise to perform the job."
Understanding Traditional Knowledge in Terms of Socio-Economic and Cultural Use in the Arctic Region,"Fisheries and Oceans Canada, Economics and Statistics, Arctic Region (DFO) requires outside expertise to develop an improved understanding of traditional knowledge in terms of socio-economic and cultural use in Canada’s Arctic Region:The project is to review all available sources of traditional knowledge and Inuit Qaujimajatuqangit, related to marine conservation, natural resource management, and fisheries management, including the various methodologies used to identify, collect, and assess them.Additionally, the project will explore traditional knowledge and Inuit Qaujimajatuqangit as it relates to fish and fisheries resources in the Arctic Region of Canada. A structured approach will be used to undertake preliminary interviews with Inuit communities and knowledge holders to obtain direct and indirect observations on economic, social and cultural use of these resources.Indigenous Peoples have lived in the Arctic for thousands of years and are stewards of the land, relying on hunting and fishing, as well as the natural environment, to sustain their families, communities, and culture. Although there is unique variation in the social, cultural and economic backgrounds of Indigenous peoples in the Arctic, traditional practices, cultural heritage, social value systems and knowledge sharing are consistently of vital importance for individuals, families, and communities across the Arctic Region. Local traditional knowledge, and its associated Inuit Qaujimajatuqangit, reflect the profound relationship Inuit have to the lands and resources which are essential in sustaining healthy and sufficient sources of food, trade and economic opportunity, and social and cultural traditions. The sustainable management of fisheries across the Arctic is significant not only from an economic perspective, where fisheries development is considered a priority for advancing Inuit economic interests, but also in terms of cultural promotion and protection.It is observed that there are various terms associated with traditional knowledge such as: 'local knowledge', 'people's knowledge', 'traditional wisdom', 'traditional science', ‘indigenous ecological knowledge’, and ‘traditional ecological knowledge’ (www.unesco.org). In the Arctic, Inuit Qaujimajatuqangit demonstrates the importance of Indigenous knowledge to the Inuit; the term translates directly as ""that which Inuit have always known to be true."" Inuit Qaujimajatuqangit is recognized as a combined system of beliefs and knowledge.While there have been a number of initiatives focused on respecting and understanding traditional knowledge related to the management of natural resources, from both fisheries management and science perspective, there has been very limited study of traditional knowledge from a social, cultural, and economic perspective. The Arctic Region hopes to develop a comprehensive, multi-sectoral approach to understanding, respecting, and incorporating traditional knowledge into decision-making processes. DFO does use scientific evidence and Indigenous Knowledge to make decisions affecting fish stocks and the management of ecosystems; however socio-economic analyses are often overlooked in primary assessments and decision-making. The social, cultural, and economic aspects of traditional knowledge need to be incorporated in decision-making to advance a shared understanding of ecosystems, increase the legitimacy of projects, and build trust in decision-making processes. A coordinated approach is required to ensure consistency in gathering and storing socio-economic and cultural information/data, to minimize information gaps, and to use traditional knowledge to help establish baseline information for local resources.Duration of contract: The period of the Contract is from date of Contract Award to March 31st, 2024 inclusive.",Fisheries and Oceans Canada,TRUE,High,"This contract requires Traditional Knowledge Studies and Traditional Land Use Studies on an environmental issue. It perfectly aligns with some of the services offered by Indigenous Communities Engagement (ICE) and with it's key differentiators. 

It is a perfect fit for ICE."
Two (2) Senior Project Managers,"NOTICE OF PROPOSED PROCUREMENT 

File Number: W8486-249527/A
Tier: 2 (< $3.75M)

This requirement is for the Department of National Defence (DND) for the services of Two (2) Senior Project Managers under Stream 3, Project management services. The intent of this solicitation is to establish up to two (2) Contracts each for one (1) initial year, with the option to extend the term of the Contract by up to four (4) one-year irrevocable option periods under the same conditions. This solicitation is only open to the below list of pre-qualified suppliers under the Task and Solutions Professional Services (TSPS) Supply Arrangement (SA) number E60ZT-18TSPS.

Documents may be submitted in either official language of Canada.

RFP documents will be e-mailed directly from the Contracting Authority to the Qualified Supply Arrangement Holders who are being invited to bid on this requirement. Bidders are advised that the RFP documents are not available on the CanadaBuys Tender Management Application (https://canadabuys.canada.ca).

The TSPS Method of Supply is a result of a formal competitive process which was established as a result of extensive consultations with industry. The Method of Supply provides suppliers with an on-going opportunity to become prequalified for participation in future bidding opportunities. To obtain more information about how to become a pre-qualified supplier for TSPS please contact Public Works and Government Services Canada (PWGSC).

For general information on the various PWGSC Methods of Supply, or to obtain specific information on a PWGSC professional service method of supply, please visit PWGSC's CanadaBuys Tender Management Application website at: https://canadabuys.canada.ca/en/about-us/news-and-events/transition-canadabuys-tender-management-application#msg


List of Pre-Qualified Suppliers :

This requirement is open the following suppliers who qualified under the stated consultant stream, security level, region and tier:
1019837 Ontario Inc.

3925994 Canada Inc.

4165047 Canada Inc.

4Plan Consulting Corp.

7792395 Canada Inc.

8005931 Canada Inc

9149481 Canada Inc.

9468269 Canada Corp.

A Hundred Answers Inc.

A. Net Solutions Inc.

Aboriginal Employment Services Inc.

Accenture Inc.

Accurate Design & Communication Inc.

ACF Associates Inc.

Acosys Consulting Services Inc.

ACOSYS CONSULTING SERVICES INC./ SERVICES CONSEILS ACOSYS INC., PRICEWATERHOUSECOOPERS LLP, IN JOINT VENTURE

Action Personnel of Ottawa-Hull Ltd

ADAPTOVATE Inc

Adecco Employment Services Limited/Services de placement Adecco Limited

ADGA Group Consultants Inc.

Adirondack Information Management Inc., The AIM Group Inc. in Joint Venture

ADRM Technology Consulting Group Corp.

ADRM Technology Consulting Group Corp. and Randstad Interim Inc

Akkodis Canada Inc.

ALINEA INTERNATIONAL LTD.

Alivaktuk Consulting Inc. & NavPoint Consulting Group Inc. in JV

Altis Recruitment & Technology Inc.

ALTRUISTIC INFORMATICS CONSULTING INC.

Amyantek Inc

Appian Corporation

ARTEMP PERSONNEL SERVICES INC

Avascent Canada ULC

AZUR HUMAN RESOURCES LIMITED

BDO Canada LLP

Bevertec CST Inc.

Beyond Technologies Consulting Inc.

BGIS GLOBAL INTEGRATED SOLUTIONS CANADA LP/BGIS SOLUTIONS GLOBALES INTEGREES CANADA S.E.C.

Blue Water Sourcing Inc

BOYDEN ONTARIO INC.

BP & M Government IM & IT Consulting Inc.

Breckenhill Inc.

Bridgetown Consulting Inc.

BRING Management Solutions Inc.

BRYCA Solutions Inc.

BurntEdge Incorporated

Cache Computer Consulting Corp.

Calian Ltd.

Canadian Development Consultants International Inc.

Captiva Consulting Inc.

CCEM Strategies Ltd.

CGI Information Systems and Management Consultants Inc.

CIMA+ S.E.N.C.

Cistel Technology Inc.

CloseReach Ltd.

Cloud SynApps Inc.

CM Inc.

Cofomo Inc.

Colliers Project Leaders Inc.

Colliers Project Leaders Inc., Tiree Facility Solutions Inc. in Joint Venture

COLLIGO CONSULTING INCORPORATED

COMPUTACENTER CANADA INC.

Confluence Consulting Inc.

Conoscenti Technologies Inc.

Contract Community Inc.

CONTRACT COMMUNITY INC., NISHA TECHNOLOGIES INC IN JOINT VENTURE

CPCS Transcom Limited

CVL INFORMATION SOLUTIONS INC.

Dare Human Resources Corporation

Deloitte Inc.

DLS Technology Corporation

Donna Cona Inc.

Doreen M Wong

Durivage Management Solutions Limited

Eagle Professional Resources Inc.

Eclipsys Solutions Inc

Econ Inc.

Eiger Aerospace Consulting

Elevated Thinking Inc.

Ernst & Young LLP

EspaceRH Inc

Etico, Inc.

eVision Inc., SoftSim Technologies Inc. in Joint Venture

Fast Track Staffing, 49 Solutions in Joint Venture

Fifalde Consulting Inc.

Fleetway Inc.

Foursight Consulting Group Inc.

Fujitsu Consulting (CANADA) Inc./Fujitsu Conseil (Canada) Inc.

GEF Consulting Inc.

Goldstein-Victorova Solutions & Consulting Inc.

GovInsights Consulting Inc.

GSI International Consulting Inc.

hera - Health Research for Action

Holonics Inc.

HumanSystems Incorporated

I4C INFORMATION TECHNOLOGY CONSULTING INC

IBISKA Telecom Inc.

IDS Systems Consultants Inc.

iFathom Corporation

IFSD Advisors Ltd.

InfoMagnetics Technologies Corporation (IMT)

Integrated Learning International Inc.

Intelan Consulting Inc.

IPSS INC.

IT/Net - Ottawa Inc.

IT/NET OTTAWA INC, KPMG LLP, in joint venture

Jumping Elephants Incorporated

Juno Risk Solutions Incorporated

Kelly Sears Consulting Group

KPMG LLP

KSAR & ASSOCIATES INC

Kyndryl Canada Limited; ISM Information Systems Management Corporation IN JOINT VENTURE

Le Groupe Conseil Bronson Consulting Group

Lean Agility Inc.

Leo-Pisces Services Group Inc.

Leverage Technology Resources Inc.

Levio Conseils Inc.

Lightning Tree Consulting Inc.

Louis Tanguay Informatique Inc.

Macogep inc.

MAKWA Resourcing Inc.

Makwa Resourcing Inc., TPG Technology Consulting Ltd. in JOINT VENTURE

Malarsoft Technology Corporation

Malarsoft Technology Corporation and Cistel Technology Inc. Joint Venture

Maplefox Projects Inc.

Maplesoft Consulting Inc.

Maplestream Inc., Cofomo Ottawa Inc., in Joint Venture

Maverin Business Services Inc.

Maverin Inc.

MaxSys Staffing & Consulting Inc.

MDOS CONSULTING INC.

Messa Computing Inc.

MGIS Inc.

MGIS Inc., B D M K Consultants Inc IN JOINT VENTURE

Mindstream Training Center and Professional Services Bureau, Inc

Mindwire Systems Ltd.

MINDWIRE SYSTEMS LTD., Akkada Professional Services inc., HubSpoke Inc., in Joint Venture

MNP LLP

MONZ CONSULTING INC., NEWFOUND RECRUITING CORPORATION. in Joint Venture

Myticas Consulting Inc.

NATTIQ INC.

NavPoint Consulting Group Inc.

Newfound Recruiting Corporation

NewLeaf Performance Inc.

Niewe Technology and Consulting Ltd.

Nisha Technologies Inc.

NIVA Inc

Nortak Software Ltd.

OGGN Inc.

Olav Consulting Corp

OLAV CONSULTING CORP., MOSHWA ABORIGINAL INFORMATION TECHNOLOGY CORPORATION, IN JOINT VENTURE

OpenFrame Technologies, Inc.

OPUS LEADERS INC.

Orangutech Inc.

Orbis Risk Consulting Inc.

Otus Strategic Financial Business Planning Group

Paton & Associates Management Consulting Incorporated

Pennant Canada Limited

Performance Management Network Inc.

PGF Consultants Inc.

PISCES RESEARCH PROJECT MANAGEMENT INC.

Platinum Technologies Inc.

Pleiad Canada Inc.

Portage Personnel Inc.

Posterity Group Consulting Inc,

PRECISIONERP INCORPORATED

PrecisionIT Inc,IDS Systems Consultants Inc., PrecisionERP Incorporated, in JOINT VENTURE

Pricewaterhouse Coopers LLP

Primex Project Management Limited

PRIMEXX VENTURES INC., ALEJANDRA DOXTATOR, Joint Venture

Procom Consultants Group Ltd.

Prologic Systems Ltd.

Promaxis Systems Inc

Prompta Inc.

Protak Consulting Group Inc.

QA CONSULTANTS INC.

QATALYST RESEARCH GROUP INC.

QMR Staffing Solutions Incorporated

Quallium Corporation

Quarry Consulting Inc.

Randstad Interim Inc.

Raymond Chabot Grant Thornton Consulting Inc.

RealIT Management Inc.

Reticle Ventures Canada Incorporated

Revay and Associates Limited

RHEA INC.

Risk Sciences International Inc.

Robertson & Company Ltd.

Run Straight Consulting Ltd

S.I. SYSTEMS ULC

Samson & Associés CPA/Consultation Inc

SEASI Consulting Inc.

SÉLECT GLOBAL INTERNATIONAL LTÉE.

Sierra Systems Group Inc.

SnapSEARCH Inc.

SoftSim Technologies Inc.

Sonovision Canada Inc.

Space Strategies Consulting Ltd

SpaceWerx Corporation

Stiff Sentences Incorporated

Strategic Relationships Solutions Inc.

Sundiata Warren Group Inc.

Symbiotic Group Inc.

SYSTEMATIX IT SOLUTIONS INC, MICROWORKS, IN JOINT VENTURE

Systematix IT Solutions Inc./Systematix Technologies de L'Information Inc./Les Services Conseils Systematix Inc. in Joint Venture.

Systemscope Inc.

T.E.S. Contract Services INC.

T.I.7 Inc.

T.I.7 INC., THE SOURCE STAFFING SOLUTIONS INC., in Joint Venture

TAG HR The Associates Group Inc.

Tato Recruiting Inc., S.I. SYSTEMS ULC, in Joint Venture

TBP & Associates Inc.

TDV Global inc.

Tech4soft Inc.

TECH4SOFT INC., Expertise Technology Consulting Inc., in joint venture

Technomics, Incorporated

TECSIS Corporation

TEKSYSTEMS CANADA CORP./SOCIÉTÉ TEKSYSTEMS CANADA

Telecan Space Inc

The AIM Group Inc.

The Devon Group Ltd.

The Halifax Computer Consulting Group Inc.

THE LANSDOWNE CONSULTING GROUP INC.

The Right Door Consulting & Solutions Incorporated

THE SOURCE STAFFING SOLUTIONS INC.

The VCAN Group Inc.

Thinkpoint Inc.

Thomas&Schmidt Inc.

Tiree Facility Solutions Inc.

TPG Technology Consulting Ltd.

TRM Technologies Inc.

Tundra Technical Solutions Inc

TURNER & TOWNSEND CANADA INC.

Turtle Island Staffing Inc.

V42 Management Consulting, Inc.

Valcom Consulting group Inc.

Valency Inc

Veritaaq Technology House Inc.

WSP Canada Inc.

Y2 Consulting Psychologists Inc./Psychologues consultants Y2 inc.

Yoush Inc.

Zernam Enterprise Inc

ZW Project Management Inc.

	

ADDITIONAL INFORMATION FOR BIDDERS
	
For services requirements, Bidders must provide the required information as detailed in article 2.3 of Part 2 of the bid solicitation, in order to comply with Treasury Board policies and directives on contracts awarded to former public servants.

Security Requirement:

There are security requirements associated with this requirement:

Supplier Security Clearance required: Secret
Security Level required (Document Safeguarding): None
Citizen Restriction: None

For additional information, consult Part 6 – Security and Other Requirements, and Part 7 – Resulting Contract Clauses. For more information on personnel and organization security screening or security clauses, bidders should refer to the Industrial Security Program (ISP) of Public Works and Government Services Canada (http://ssi-iss.tpsgc-pwgsc.gc.ca/index-eng.html) website.

Location of Work :

Region: National Capital Region

Specific Location: 975 St Joseph Blvd, Gatineau, QC or at Carling Campus 60 Moodie Dr, Nepean, ON K1A 0K2.

BIDDERS’ INQUIRIES

Inquiries regarding this Request for Proposal requirement must be submitted to the Contracting Authority:

Name:  Jennifer Ouellet
Email:   jennifer.ouellet2@forces.gc.ca 

The Crown retains the rights to negotiate with suppliers on any procurement.",Department of National Defence,TRUE,Low,"Project management is one of the services offered by Indigenous Communities Engagement (ICE), but this job is not related to Indigenous communities in anyway. Technically it could be performed by ICE, but it does  not seizes it's key differentiators."
TSPS SA – One (1) Senior Project Administrator,"This requirement is for the Department of National Defence (DND) for the services of One (1) Senior Project Administrator under Stream 3, Project Management Services. The intent of this solicitation is to establish one (1) Contract for one (1) initial period, with the option to extend the term of the Contract by up to three (3) one-year irrevocable option periods under the same conditions.",National Defence,TRUE,Low,"Project management is one of the services offered by Indigenous Communities Engagement (ICE), but this job is not related to Indigenous communities in anyway. Technically it could be performed by ICE, but it does  not seizes it's key differentiators."
TSPS 3.2 - Project Manager(Senior)  ICFR,"TASK Based Professional Services (TSPS) RequirementPlease note that the TSPS NPP MUST be published simultaneously with the issuance of the invitation to suppliers.This requirement is for: Department of National DefenceThis requirement is open only to those Supply Arrangement Holders under E60ZT-18TSPS who qualified under Tier 1 for the following category:3.2 - Project Manager (Senior)The following SA Holders have been invited to submit a proposal.7792395 Canada Inc.CM Inc.iFathom CorporationIntegrated Learning International Inc.IPSS INC.MGIS Inc., B D M K Consultants Inc IN JOINT VENTURENewfound Recruiting CorporationNisha Technologies Inc.OLAV CONSULTING CORP., MOSHWA ABORIGINAL INFORMATION TECHNOLOGYCORPORATION, IN JOINT VENTURES.I. SYSTEMS ULCSierra Systems Group Inc.SYSTEMATIX IT SOLUTIONS INC, MICROWORKS, IN JOINT VENTURET.I.7 INC., THE SOURCE STAFFING SOLUTIONS INC., in Joint VentureTBP &amp; Associates Inc.Turtle Island Staffing Inc.Description of the Requirement:DND has a requirement for Task Based Professional Services, specifically one (1) Project Manager (Level 3). Level of Security Requirement:Company Minimum Security Level Required: SecretSpecial comments: Common SRCL #19Trade Agreements:Canada-Chile Free Trade Agreement (CCFTA), Canada-Colombia Free Trade Agreement, Canadian Free Trade Agreement (CFTA), World Trade Organization-Agreement on Government Procurement (WTO-AGP), Canada-Korea Free Trade Agreement (CKFTA).Proposed Period of Contract:The period of the Contract is from date of contract award to June 30th, 2023. With One (1) One (1) year optional periodEstimated Level of Effort:Contract period – 130 Days with one option period of one year with 130 daysFile Number: W0152-23-AA006Contracting Authority: Caleb WallaceE-Mail: ADMFinProcurement-ApprovisionnementSMAFin@forces.gc.caNOTE: The Task and Solutions Professional Services (TSPS) Method of Supply is subject to quarterly refresh cycles. If you wish to find out how you can be a “Qualified SA Holder”, please contact SPTS.TSPS@TPSGC-PWGSC.GC.CA",Department of National Defence,TRUE,Low,"Project management is one of the services offered by Indigenous Communities Engagement (ICE), but this job is not related to Indigenous communities in anyway. Technically it could be performed by ICE, but it does  not seizes it's key differentiators."
TSPS 3.2 - Project Manager(Senior),"TASK Based Professional Services (TSPS) RequirementPlease note that the TSPS NPP MUST be published simultaneously with the issuance of the invitation to suppliers.This requirement is for: Department of National DefenceThis requirement is open only to those Supply Arrangement Holders under E60ZT-18TSPS who qualified under Tier 1 for the following category:3.2 - Project Manager (Senior)The following SA Holders have been invited to submit a proposal.ACF Associates Inc.ADRM Technology Consulting Group Corp.BDO Canada LLPBOYDEN ONTARIO INC.Deloitte Inc.Foursight Consulting Group Inc.KPMG LLPMindstream Training Center and Professional Services Bureau, IncMNP LLPPerformance Management Network Inc.Posterity Group Consulting Inc,Robertson &amp; Company Ltd.Samson &amp; Associés CPA/Consultation IncThe AIM Group Inc.Valcom Consulting group Inc.Description of the Requirement:DND has a requirement for Task Based Professional Services, specifically one (1) Project Manager (Level 3). Level of Security Requirement:Company Minimum Security Level Required: ReliabilitySpecial comments: Common SRCL #6Trade Agreements:Canada-Chile Free Trade Agreement (CCFTA), Canada-Colombia Free Trade Agreement, Canadian Free Trade Agreement (CFTA), World Trade Organization-Agreement on Government Procurement (WTO-AGP), Canada-Korea Free Trade Agreement (CKFTA).Proposed Period of Contract:The period of the Contract is from date of contract award to March 31st, 2023. With One (1) One (1) year optional periodEstimated Level of Effort:Contract period – 135 Days with one option period of one year with 175 daysFile Number: W0152-23-AA020Contracting Authority: Caleb WallaceE-Mail: ADMFinProcurement-ApprovisionnementSMAFin@forces.gc.caNOTE: The Task and Solutions Professional Services (TSPS) Method of Supply is subject to quarterly refresh cycles. If you wish to find out how you can be a “Qualified SA Holder”, please contact SPTS.TSPS@TPSGC-PWGSC.GC.CA",Department of National Defence,TRUE,Low,"Project management is one of the services offered by Indigenous Communities Engagement (ICE), but this job is not related to Indigenous communities in anyway. Technically it could be performed by ICE, but it does  not seizes it's key differentiators."
TSPS - PSPC Project and Program Advisory Services,"For the provision of commercial professional services under the Task and Solutions Professional Services (TSPS) Supply Arrangement (SA) E60ZT-18TSPS Method of Supply (MoS) for Stream 2. Services will be provided by the following resource categories:
2.3 Business consultant
2.5 Business process consultant
2.6 Change management consultant
2.7 Needs analysis and research consultant
2.8 Business architect
2.9 Statistical analyst",Department of Public Works and Government Services (PSPC),TRUE,Low,"Business Advisory is one of the services offered by Indigenous Communities Engagement (ICE), but this job is not related to Indigenous communities in anyway. Technically it could be performed by ICE, but it does  not seizes it's key differentiators."
TSPS - DFSI Project Manager - Senior,"DND has a requirement for Task Based Professional Services, specifically one (1) 3.2 – Project Manager (Senior)
The Department of National Defence (DND) has a requirement to lead interdepartmental and departmental business process transformation activities and engage with key stakeholders and clients in the advancement of technologies and analytics. DND must lead financial process improvements to revitalize and support innovation in the financial management processes, tools and systems similar to those currently used by the department. This will require providing advice and guidance to the Director, Financial Systems Integration (DFSI), to the Director General, Strategic Financial Governance (DGSFG), to the Governance and Project Management Office team (G&PMO) within DFSI, as well as clients and stakeholders across the DND/CAF.",Department of National Defence,TRUE,Low,"Project management is one of the services offered by Indigenous Communities Engagement (ICE), but this job is not related to Indigenous communities in anyway. Technically it could be performed by ICE, but it does  not seizes it's key differentiators."
TSPS - 3.4 Senior Project Planner for the Arctic and Offshore Patrol Ship (AOPS) Project,"This requirement is for: the Department of National Defence.This requirement is open only to those Supply Arrangement Holders under E60ZT-18TSPS who qualified under Tier 1 for the following category: 3.4 Project PlannerThe following SA Holders have been invited to submit a proposal. ADGA Group Consultants Inc. Altis Human Resources (Ottawa) Inc. Coradix Technology Consulting Ltd.. Colliers Project Leaders Inc. Collier Project Leaders Inc, Tiree Facility Solutions in Joint VentureExcel Human Resources Inc.. Fujitsu Consulting (Canada) Inc.Lansdowne Technologies Inc. Quallium CorpPromaxis Systems Inc L-3 Technologies MAS Inc.Orbis Risk Consulting Inc.RHEA INC.TDV Global inc.Transpolar Technology Corporation and The Halifax Computer Consulting Group In Joint VentureDescription of the Requirement:The Department of National Defence has a requirement for the services of one (1) category 3.4 Senior Project Planner on an as and when requested basis in support of the Arctic and Offshore Patrol Ship (AOPS) Project. The Contractors must possess the ability to develop, and maintain project schedules and support the scheduling function on the project. Level of Security Requirement: Company Minimum Security Level RequiredSecretResource Minimum Security Level RequiredSecretDocument Safeguarding Security Level RequiredN/AApplicable Trade Agreements:Canadian Free Trade Agreement (CFTA)Canada–Chile Free Trade AgreementComprehensive and Progressive Agreement for Trans-Pacific Partnership (CPTPP)Canada–Colombia Free Trade AgreementCanada-European Union Comprehensive Economic and Trade Agreement (CETA)Canada–Honduras Free Trade AgreementCanada–Korea Free Trade AgreementCanada–Panama Free Trade AgreementCanada–Peru Free Trade AgreementCanada–Ukraine Free Trade AgreementCanada-United Kingdom Trade Continuity AgreementWorld Trade Organization–Agreement on Government Procurement (WTO-GPA)Associated Documents:N/AProposed period of contract:It is intended to award one (1) contract for up to 12 months plus three (3) one-year irrevocable option(s) allowing Canada to extend the term of the contract.Estimated Level of Effort:The estimated level of effort of the contract will be for 230 days per year. File Number: W847S-230138Contracting Authority: Richard Kakaire Phone Number: N/AFax Number: N/AE-Mail: MAT.DMPSCentralBid-DSGPCentralSoumission@forces.gc.caNOTE: The Task and Solutions Professional Services (TSPS) Method of Supply is subject to quarterly refresh cycles. If you wish to find out how you can be a “Qualified SA Holder”, please contact SPTS.TSPS@TPSGC-PWGSC.GC.CA",Department of National Defence,TRUE,Medium,"Project management (including planning) is one of the services offered by Indigenous Communities Engagement (ICE), but this job is not related to Indigenous communities in anyway. Technically it could be performed by ICE, but it does  not seizes it's key differentiators."
"Tender notice preview – TBIPS – Salish Sea Initiative (SSI) – Indigenous-themed Interactive Map & Data Portal Development, & Mobile Field Survey App Development Planning","NOTICE OF PROPOSED PROCUREMENT (NPP)
For
TASK BASED INFORMATICS PROFESSIONAL SERVICES (TBIPS)

GSIN: D302A ADP SYSTEM DEVELOPMENT SERVICES
Reference Number: 30003724A Solicitation Number: 30003724A
Organization Name: Fisheries and Oceans Canada (DFO)
Solicitation Date: 2023-09-07 Closing Date: 2023-09-22 at 4:00 p.m. Eastern Daylight Saving Time EDT

Anticipated Start Date: 2023-11-01
Estimated Delivery Date:  N/A

Estimated Level of Effort: Required 4 Resources as follows:
1. Geomatics Analyst – Junior Level – 60 days
2. Geomatics Analyst – Senior Level – 68 days
3. Geographic Information System Programmer / Analyst – Intermediate Level - 70 days
4. Geographic Information System Project Manager – Senior Level – 30 days

Contract Duration: The contract period will be for one (1) year from the date of contract award plus two (2) one-year irrevocable options allowing Canada to extend the term of the contract.
Solicitation Method: Selective Bidding
Applicable Trade Agreements: CFTA, Canada-Chili, Canada-Columbia, Canada-Korea, Canada-EU, WTO-AGP, Canada-Honduras, Canada-Peru, Canada-Panama
Comprehensive Land Claim Agreement Applies: No Number of Contracts: 1
Requirement Details
Tendering Procedure: Selective Tendering
This requirement is open only to those TBIPS Supply Arrangement Holders who qualified under Tier 1 for services under the following category :

1. G1 Geomatics Analyst – Junior Level (1) – 60 days
2. G1 Geomatics Analyst – Senior Level (3) – 68 days
3. G7 Geographic Information System Programmer / Analyst – Intermediate Level (2) - 70 days
4. G8 Geographic Information System Project Manager – Senior Level (3) – 30 days

The following SA Holders have been invited to submit a proposal:

1. ADGA Group Consultants Inc.
2. Conoscenti Technologies Inc.
3. CSI Consulting Inc., FoxWise Technologies Inc., DWP Solutions Inc., Innovision Consulting Inc., IN JOINT VENTURE
4. Eagle Professional Resources Inc.
5. GeoNet Technologies Inc.
6. Holonics Inc.
7. Lim Geomatics Inc.
8. Malarsoft Technology Corporation
9. Maverin Inc.
10. MRF Geosystems Corporation
11. Pacific Geomatics Limited
12. TECSIS Corporation
13. Trailmark Systems Inc.
14. Turtle Technologies Inc.
15. Veritaaq Technology House Inc.

All TBIPS SA Holders currently holding a TBIPS SA for Tier 1 under the EN578-170432 series of SA's are invited to bid on this requirement.

Description of Work:

The Ocean Ecology and Biogeochemistry Section at Fisheries and Oceans Canada (DFO) has a requirement for Geomatic Services resources to assist with the further development and enhancement of the:
• Salish Sea Initiative Interactive Map (SSIM),
• Salish Sea Initiative Data Portal (SSIDP);
• and Salish Sea Initiative Marine Survey App Tool (SSIMT);
using the unique, required co-development approach that is the foundation for the Salish Sea Initiative project(s) implementation.

Security Requirement: N/A

Contract Authority
Name: Bassam El-Daya
Email Address: DFO.tenders-soumissions.MPO@dfo-mpo.gc.ca and cc: Bassam.El-Daya@dfo-mpo.gc.ca

Inquiries
Inquiries regarding this RFP requirement must be submitted to the Contracting Authority named above. Request for Proposal (RFP) documents will be e-mailed directly from the Contracting Authority to the Qualified Supply Arrangement Holders who are being invited to bid on this requirement. BIDDERS ARE ADVISED THAT “BUYANDSELL.GC.CA” IS NOT RESPONSIBLE FOR THE DISTRIBUTION OF SOLICITATION DOCUMENTS. The Crown retains the right to negotiate with any supplier on any procurement. Documents may be submitted in either official language.

NOTE: Task-Based Informatics Professional Services (TBIPS) Method of Supply is refreshed three (3) times per year. If you wish to find out how you can be a “Qualified SA Holder”, please contact rcnmdai-ncrimos@tpsgc-pwgsc.gc.ca .",Fisheries and Oceans Canada,TRUE,Medium,"The contract requires Geographic Information Systems work related to Indigenous Communities; which partially relates to the Land Use Planning services offered by Indigenous Communities Engagement (ICE) and seizes it's key differentiators.

However, most of the work is technology centered and not explicitly stated as an ICE's service."
TBIPS 23-58240 - Project Management Serivices,The Knowledge Information and Technology Services (KITS) Branch at National Research Council Canada requires the services of many consultants at an “as and when needed” basis in response to demand to execute IM/IT related projects.,National Research Council Canda,TRUE,Low,"Project management is one of the services offered by Indigenous Communities Engagement (ICE), but this job is not related to Indigenous communities in anyway. Technically it could be performed by ICE, but it does  not seizes it's key differentiators."
TBIPS – Stream #5 (Project Management Services) - Chief Information Officer and Security Branch (CIOSB) Application Services,TBIPS – Stream #5 (Project Management Services) - Chief Information Officer and Security Branch (CIOSB) Application Services,Natural Resources Canada,TRUE,Low,"Project management is one of the services offered by Indigenous Communities Engagement (ICE), but this job is not related to Indigenous communities in anyway. Technically it could be performed by ICE, but it does  not seizes it's key differentiators."
TBIPS – Project Managements Services – Change Management Consultant – Level 3 and Project Executive – Level 3,"The Royal Canadian Mounted Police, Body Worn Camera-Digital Evidence Management System (BWC-DEMS) Project team requires the professional services of project management resources. The proposed resources must offer their guidance and expertise in support of the implementation and the operations phase of BWC-DEMS across Canada.",Royal Canadian Mounted Police (RCMP),TRUE,Low,"Project management is one of the services offered by Indigenous Communities Engagement (ICE), but this job is not related to Indigenous communities in anyway. Technically it could be performed by ICE, but it does  not seizes it's key differentiators."
TBIPS – PROJECT MANAGEMENT SERVICES WITH MULTIPLE RESOURCE CATEGORIES,"The Knowledge Information and Technology Services (KITS) Branch at National Research Council Canada requires the services of Level 3 Technical Writer, Project Executive, Project Coordinator as well as Project Manager on an “as and when needed” basis in response to demand to execute IM/IT related projects.",National Research Council Canda,TRUE,Low,"Project management is one of the services offered by Indigenous Communities Engagement (ICE), but this job is not related to Indigenous communities in anyway. Technically it could be performed by ICE, but it does  not seizes it's key differentiators."
Task Based Professional Services (TSPS) Requirement 2.3 Business Consultants,"Task Based Professional Services (TSPS) Requirement 2.3 Business ConsultantsThis requirement is for Department of Finance CanadaThis requirement is open only to those Supply Arrangement Holders under E60ZT-18TSPS who qualified under Tier 1 for the following categories:2.3 Business Consultant - Junior2.3 Business Consultant – Intermediate2.3 Business Consultant - SeniorThe following SA Holders have been invited to submit a proposal. Deloitte Inc.Ernst &amp; Young LLPKPMG LLPAccenture Inc.MNPPricewaterhouse Coopers LLP (pwc)WSP Canada Inc.Sia Partners Inc. / Sia Partenaires Inc.Posterity GroupKelly Sears Consulting Group7320931 Canada Ltd. (Tap Strategy &amp; HR Consulting)8005931 Canada Inc ( Grey Oak Consulting)Change Group Limited CPCS Transcom Limited Turtle Island Staffing Inc.BDO Canada LLPMindwire Systems Ltd.Altis Human Resources (Ottawa) Inc.PrecisionIT Inc., IDS Systems Consultants Inc., PrecisionERP Incorporated, in JOINT VENTUREMaverin Business Services IncNavPoint Consulting Group IncTRM Technologies Inc.HubSpoke Inc.Teksystems Canada corp./société teksystems canadaMGIS Inc.Tech4Soft IncQMR Staffing Solutions IncorporatedValcom Consulting Group InciFathom CorporationNewfound Recruiting CorporationS.I. SYSTEMS ULCBaiame Technology and Consulting LimitedPromaxis Systems IncLeo-Pisces Services Group Inc.Econ Inc.Global Advantage Consulting Group Inc (Ottawa)Protak Consulting Group Inc.Samson &amp; Associés CPA/Consultation IncStratos IncCGI Information Systems and Management Consultants Inc.KSAR &amp; Associates IncDescription of the Requirement:The Department of Finance Canada is seeking the services of a Contractor to support the activities and deliverables of the Sustainable Finance Action Council (SFAC). Following recent updates to its Terms of Reference, the SFAC will be responsible for providing financial sector input to the Ministers of Finance and Environment and Climate Change in several key areas during the current fiscal year. The Contractor will leverage significant experience consulting in the field of sustainable finance and in-depth subject matter expertise to provide the SFAC with effective support for delivering on its mandate.Level of Security Requirement:Company Minimum Security Level RequiredCanada? Protected A? Protected BSpecial comments: DOS - ReliabilityResource Minimum Security Level RequiredCanada? Protected A? Protected BSpecial comments: DOS - ReliabilityApplicable Trade Agreements:World Trade Organization – Agreement on Government ProcurementCanada-Chile Free Trade AgreementCanada-Peru Free Trade AgreementCanada-Colombia Free Trade AgreementCanada-Panama Free Trade AgreementCanada-Honduras Free Trade AgreementCanada-Korea Free Trade AgreementCanadian Free Trade AgreementComprehensive Economic Trade AgreementComprehensive and Progressive Agreement for Trans-Pacific PartnershipCanada-Ukraine Free Trade AgreementCanada-United Kingdom Trade Continuity AgreementProposed period of contract:The proposed period of contract shall be from September 1, 2022 to March 31, 2023Estimated Level of Effort:Senior Business Consultant (2.3) Total Estimated Number of Days: 25Intermediate Business Consultant (2.3) Total Estimated Number of Days: 32Junior Business Consultant (2.3) Total Estimated Number of Day: 50File Number: FIN-20211505Contracting Authority: Justin FoubertE-Mail: procurement-approvisionnement@fin.gc.caNOTE: The Task and Solutions Professional Services (TSPS) Method of Supply is subject to quarterly refresh cycles. If you wish to find out how you can be a “Qualified SA Holder”, please contact SPTS.TSPS@TPSGC-PWGSC.GC.CA",Department of Finance,TRUE,Low,"Project management is one of the services offered by Indigenous Communities Engagement (ICE), but this job is not related to Indigenous communities in anyway. Technically it could be performed by ICE, but it does  not seizes it's key differentiators."
Task and solutions professional services – 3.1 Project Administrators and 3.2 Project Manager Consultants - Level 2 (Intermediate),"This requirement is for: Health Canada – TSPS RFP 1000248304

This procurement has been conditionally set aside under the federal government's Procurement Strategy for Indigenous Business (PSIB). The procurement is open to both Indigenous and nonIndigenous businesses. However, if two or more Indigenous businesses submit a bid, then the procurement is set aside under PSIB. In order to be considered under PSIB, a supplier must certify that it qualifies as an Indigenous business as defined under PSIB and that it will comply with all requirements of PSIB

This requirement is open only to those Supply Arrangement Holders under E60ZT-18TSPS who qualified under Tier 1 for the following categories: 

Stream 3: Project Management Services Stream 
3.1 Project Administrators, Level 2 
3.2 Project Manager Consultants, Level 2 

The following SA Holders have been invited to submit a proposal. 

1.	A Hundred Answers Inc.
2.	ADGA Group Consultants Inc.
3.	BDO Canada LLP
4.	Cistel Technology Inc.
5.	Colliers Project Leaders Inc.
6.	Donna Conna Inc.
7.	iFathom Corporation
8.	Lightening Tree Consulting Inc.
9.	Maplesoft Consulting Inc.
10.	Mindwire Systems Ltd., Akkada Professional Services Inc., HubSpoke Inc., in Joint Venture
11.	Nisha Technologies Inc.
12.	Quallium Corporation
13.	Quarry Consulting Inc.
14.	Radstad Interim Inc.
15.	Transpolar Technology Corporation and The Halifax Computer Consulting Group in Joint Venture

Description of the Requirement:

Health Canada, Health Products and Food Branch (HPFB) Health Canada has a requirement for up to two (2) TSPS Level 2 Project Administrators and up to four (4) TSPS Level 2 Project Managers to offer services across the HPFB on an as and when required basis.

Level of Security Requirement: 

Common Professional Services Security Requirement #6
1.	The contractor/offeror must, at all times during the performance of the contract/standing offer, hold a valid designated organization screening (DOS), issued by the Contract Security Program (CSP), Public Works and Government Services Canada (PWGSC)
2.	The contractor/offeror personnel requiring access to protected information, assets or sensitive work site(s) must each hold a valid reliability status, granted or approved by the CSP, PWGSC
3.	The contractor/offeror must not remove any protected information or assets from the identified work site(s), and the contractor/offeror must ensure that its personnel are made aware of and comply with this restriction
4.	Subcontracts which contain security requirements are not to be awarded without the prior written permission of the CSP, PWGSC
5.	The contractor/offeror must comply with the provisions of the:
a.	Security Requirements Check List and security guide (if applicable), attached at Annex C.
b.	Contract Security Manual (latest edition)

Estimated Level of Effort:

The estimated level of effort for all resources under category 3.1 Project Administrator is 800 days, and 3.2 Project Manager is 2400 days.  

Estimated Quantity of Commodity:  Tier 1 – TSPS – up to 3.75M

NOTE: The Task and Solutions Professional Services (TSPS) Method of Supply is subject to quarterly refresh cycles.  If you wish to find out how you can be a “Qualified SA Holder”, please contact SPTS.TSPS@TPSGC-PWGSC.GC.CA",Health Canada,TRUE,Low,"Project management is one of the services offered by Indigenous Communities Engagement (ICE), but this job is not related to Indigenous communities in anyway. Technically it could be performed by ICE, but it does  not seizes it's key differentiators."
Syndicated Research Study on Earnscliffe Strategy Group’s “Indigenous Insights” 2024-25 (Volume 8),Syndicated Research Study on Earnscliffe Strategy Group’s “Indigenous Insights” 2024-25 (Volume 8),Department of Public Works and Government Services (PSPC),TRUE,High,The contract requires Indigenous centered research. It seems perfect for Indigenous Communities Engagement (ICE).
Study of Black Executives (EXs) within the Federal Public Service (FPS),"The Black Executives Network / Le Réseau des exécutifs noirs (BEN/REN) requires a Contractor who can provide a broad set of research and engagement services to conduct demographic analysis and document the lived experiences of Black Executives (EX) within the FPS. Specifically, the Contractor will examine and document the demographic composition of the Black EX community including age, gender, cultural background, education, citizenship or permanent resident status, official language, professional certification, career progression, etc—for the target survey sample size, and conduct comparisons with available information from other groups of EXs. The study will also examine their unique lived experiences of the Black EX community in the federal public service, in order to surface systemic barriers to participation and inclusion and to highlight measures to improve working conditions and representation across the federal public service. Additionally, the Contactor’s focus is to understand how Black EXs navigate being in leadership roles and positions of power, while simultaneously navigating anti-Black and systemic racism, discrimination, marginalization and exclusion. The idea that Black EXs “have to work twice as hard” for half the recognition and respect or shoulder enormous pressure to be the model minority, and the cumulative mental health impacts of Black Ex’s career experiences will also be explored. The Contractor would also collect data from Black EXs to understand their expectations in terms of what is needed to create a truly inclusive and barrier free environment, as well as what the necessary supports for success should look like, including to promote and support their well-being and psychological safety. Participants will consist of EXs at all levels of executive leadership.

The contractor will be required to propose multiple assessment methodologies to triangulate evidence to reach a conclusion. These methods may include but not be limited to literature review, documents review, interviews, expert interviews, data/demographic/trend analysis, case studies, and focus groups. In addition, the Contractor can incorporate historical examples to chronicle how anti-Black racism and other forms of racial stereotypes have been entrenched and normalized within federal institutional policies and practices.","Innovation, Science and Economic Development Canada",TRUE,Medium,"Indigenous Communities Engagement  (ICE) may have the expertise and skills to perform the social research required work. However, it is centere on a non-indigenous people, not really seizing ICE's key differentiators."
"Stream to Sea Program Delivery and Coordination Services, South Coast of BC","BACKGROUND Fisheries and Oceans Canada’s Salmonid Enhancement Program (SEP) delivers a formal education program – known as the Stream to Sea Program. The intent of the program is to encourage students from Kindergarten to Grade 12 as well as First Nations, local communities and external parties to participate in cooperative fisheries and watershed stewardship activities.Fisheries and Oceans Canada requires contractors to provide delivery and coordination services for the Stream to Sea Program.SERVICES REQUIRED AND CONDITIONS OF WORK Fisheries and Oceans, Canada, requires contractors to provide delivery and coordination services for the Stream to Sea Program, as defined by the Community Advisor, for:• Victoria, Sooke, Saanich and Southern Gulf Islands SD 61, 62, 63, 64Stream to Sea Program delivery and coordination services are required across the school year. Delivery and coordination services will be defined on a geographic specific basis through the development of work plan details using the information provided in Appendix 1 (Scope of Work). The contractor will work with the Community Advisor(s), to coordinate and deliver the Stream to Sea Program in schools and with local community groups. The work will consist of coordinating and assisting with set up of classroom incubators (aquaria), delivering salmon eggs to schools, providing classroom sessions which may include the salmon life cycle, fish dissections aquatic ecosystems and habitat requirements for salmon, environmental sustainability as it relates to salmon, stream to sea migration and other salmon focused education pertinent to the area. The contractor will provide trouble shooting and maintenance support for aquaria in schools and develop or assist with the development and delivery of a spring fry release program for participating schools. In some instances the contractor may participate in the live transport of adult and juvenile salmon and may participate in the spawning of broodstock.The Stream to Sea Program aims to develop opportunities for external parties to be involved. Contractors may be required to facilitate and develop opportunities with local communities, First Nations, and community groups.General activities may include, but are not limited to:• Salmonids in the Classroom: providing support and maintaining the DFO classroom incubation program. Responsibilities and activities include providing technical support, providing proper equipment and supplies, coordinating egg deliveries with local hatcheries, keeping accurate records of all eggs transferred and fry released, and coordinating equipment.• Curriculum/Activity In-services providing in-service sessions for teacher groups to inform teachers about Fisheries and Oceans Educational resources; providing professional presentations of information and materials to educators and instruction on their use and method of acquisition.• Storm Drain Marking Program (SDMP) coordinating youth groups in marking storm drains with a painted yellow fish symbol to remind citizens that pollutants that go down storm drains enter watersheds where fish live; providing training, equipment, and logistical support to all groups interested in the SDMP.• South Coast Area Education Team participating in the Fisheries and Oceans South Coast Area Education Team to make recommendations about changes to the Education Delivery Plan, reviewing proposed learning resources, and evaluating and updating the SCA Education Program Delivery Plan.",Fisheries and Oceans Canada,TRUE,Medium,"The required work (program delivery) is mostly project management, one of the services Indigenous Communities Engagement (ICE) offers. The program itself is focused on students, local communities and First Nations, so it partially aligns with ICE's key differentiators."
Stikine River Salmon Studies,"This procurement has been set-aside under the federal government's Procurement Strategy for Indigenous Business (PSIB). Only Indigenous businesses as defined under PSIB are eligible to challenge the proposed procurement strategy to award the contract to the named Indigenous business.

TITLE: Stikine River Salmon Studies

1.	Advance Contract Award Notice (ACAN)
An ACAN is a public notice indicating to the supplier community that a department or agency intends to award a contract for goods, services or construction to a pre-identified supplier, thereby allowing other suppliers to signal their interest in bidding, by submitting a statement of capabilities. If no supplier submits a statement of capabilities that meets the requirements set out in the ACAN, on or before the closing date stated in the ACAN, the contracting officer may then proceed with the award to the pre-identified supplier.

2.	Definition of the requirement
The Department of Fisheries and Oceans Canada has a requirement to enumerate, collect and report on biological information on adult and juvenile chinook, sockeye, and coho salmon at various locations on the  Stikine River, British Columbia throughout the migration period. The data collected is used for both short-term and long-term evaluation and decision making. In-season, DFO biologists use the data to determine run status and provide information to fishery managers to assist them in their management of sustainable Commercial, Recreational and First Nation fisheries. Data collected may be used for post-season run reconstructions and may form part of long standing data sets used for future analysis.

2.1 		Scope
The project involves collection  of stock assessment data for 3 species of pacific salmon including biological samples and catch/effort data. The contract involves 8 projects that occur in various locations within the Stikine River drainage from April/May through until the end of October. 

2.2 		Tasks and Requirements
The contractor is required to provide technical support services for the following activities:

1.	Construct, operate and maintain adult and juvenile salmon collection and enumeration devices, including weirs, video and sonar systems, gee-traps, beach seines and gill-nets.
2.	Collect biological information and samples such as size, scales, otoliths, DNA in a manner prescribed by the Project Authority.
3.	Record, maintain, store and transmit computerized data.
4.	Apply tags to adult and juvenile salmon.
5.	Support camp workers with the preparation and cooking of meals from time to time via a camp cook.

2.3		Deliverables

a.	Reporting
1.	Data reports shall be submitted to the Fisheries and Ocean Canada representative on site, or the Project Authority (as determined by the Project Authority) via phone or computer on a daily basis.
2.	Biological samples shall be provided to the Project Authority as determined by the Project Authority.

b.	Contractors Obligations
1.	The contractor will have available up to 12 individuals to be deployed on various projects at any one time and may be required to work independently or with DFO employees.
2.	The contractor shall have available resources of varying levels of technical experience in enumeration and sampling of adult Pacific Salmon, or in the collection and tagging of juvenile Pacific Salmon, and or in the tagging of adult Pacific Salmon (Fish/Fisheries Sampling):

a.	Lead technician (>4 years): 390 person days (approx.)
b.	Technician (<4 years): 800 person days (approx.)
c.	Cook: 122 person days (approx.)
c.	Project Schedule

Various field projects are conducted from April 12 through to October 28 each year (approximate dates):
Chinook/Coho CWT Tagging: April 12 – May 28
Lower Stikine Chinook Mark Recapture: May 1 – July 10
Fishery Sampling (sockeye/coho): June 18 – August 26
Tahltan Lake Sockeye Smolt Estimation: May 2 – June 26
Tahltan Lake Adult Sockeye Enumeration: July 7 – September 15
Tahltan River Chinook Assessment: May 15 – August 14
Stikine Coho Assessment: August 13 – October 28

2.4		Constraints

I.	Supplies and provisions of a personal nature having a life-expectancy beyond the project, unless agreed to by the Project Authority, are the responsibility of the contractor.

II.	Health and Safety:
The Contractor is responsible for maintaining a work environment that is both safe and healthy. It is the responsibility of the Contractor to ensure that the work environment is free of known hazards and proper safe work procedures are used when conducting tasks (i.e. boat use, working near water) and staff are trained appropriately. All safety and health issues/incidents are to be reported to the Project Authority by the Contractor immediately. Bears are present at some work sites and firearms will be supplied by the Contractor for the protection from problem wildlife. Firearm use at a DFO facility must be in accordance with the DFO Pacific Region Firearms Policy for Non-enforcement Staff. Contractor staff utilizing firearms are to be capable of safely handling, storing and using firearms. Policies are available from the Project Authority upon request.

III.	All correspondence, reports and communications must be in Fluent English. Fluent is defined as Written, Verbal, and Comprehension at an Intermediate or advanced level.

3.	Criteria for assessment of the Statement of Capabilities (Minimum Essential Requirements)

Any interested supplier must demonstrate by way of a statement of capabilities that it meets the following requirements: 

a.	The supplier must have a minimum of five (5) years of experience in enumeration, collection and reporting on biological information on adult and juvenile chinook, sockeye, and coho salmon at various locations on the  Stikine River, British Columbia.
b.	The supplier must have staff with a minimum of five (5) years of experience in the enumeration and sampling of adult Pacific Salmon ;
c.	The supplier must have staff with a minimum of five (5) years of experience in the collection and tagging of juvenile Pacific Salmon;
d.	The supplier must have staff with a minimum of five (5) years of experience in the tagging of adult Pacific Salmon.

4.	Applicability of the trade agreement(s) to the procurement
This procurement is set aside under the federal government Procurement Strategy for Indigenous Business. For more information on Indigenous business requirements of the Set-aside Program for Indigenous Business see Annex 9.4 of the Supply Manual.
This procurement is set aside from the international trade agreements under the provision each has for measures with respect to Aboriginal peoples or for set-asides for small and minority businesses.
Further to Article 800 of the Canadian Free Trade Agreement (CFTA), CFTA does not apply to this procurement.

5.	Set-aside under the Procurement Strategy for Indigenous Business
This procurement is set-aside for an Indigenous supplier in accordance with the government Procurement Strategy for Indigenous Business (PSIB). Therefore, only suppliers who meet the definition of an Indigenous business, as defined in the PSIB, may submit a statement of capabilities.

6.	Government Contracts Regulations Exception(s) or Limited Tendering Reasons
The following exception(s) to the Government Contracts Regulations is invoked for this procurement under subsection 6(d) - only one person is capable of performing the work.

7.	Period of the proposed contract or delivery date
The proposed contract is for a period of 1 years, from contract award to March 31, 2024 with the option to extend for two (2) additional one (1) year periods.  

8.	Cost estimate of the proposed contract
The estimated value of the contract, including option(s), is $ 1,495,175.20 (GST/HST extra).

9.	Name and address of the pre-identified supplier

Tahltan Central Government
Box 69, Tatl'ah (Dease Lake)
BC, Canada V0C 1L0

10.	Suppliers' right to submit a statement of capabilities
Suppliers who consider themselves fully qualified and available to provide the goods, services or construction services described in the ACAN may submit a statement of capabilities in writing to the contact person identified in this notice on or before the closing date of this notice. The statement of capabilities must clearly demonstrate how the supplier meets the advertised requirements.

11.	Closing date for a submission of a statement of capabilities
The closing date and time for accepting statements of capabilities is July 13, 2023 at 2:00 p.m. EDT.

12.	Inquiries and submission of statements of capabilities

Inquiries and statements of capabilities are to be directed to:

Stephanie Patry	
Senior Contracting Officer – Contracting Services/ Procurement Hub – Ottawa
Email:  DFOtenders-soumissionsMPO@dfo-mpo.gc.ca",Fisheries and Oceans Canada,TRUE,High,"The required work involves data collection and environmental monitoring, both services are offered by Indigenous Communities Engagement (ICE). The data collected will assist the management of First Nation fisheries, among others. For such reasons, it seems like a perfect fit for ICE."
Stakeholder Engagement Services for flood mapping (FHIMP) and other geospatial standards solutions.,"TASK Based Professional Services (TSPS) Requirement

This requirement is for: Natural Resources Canada

This requirement is open only to those Supply Arrangement Holders under E60ZT-18TSPS who qualified under Tier 1 (= $0 - $3.75M) and under the stated consultant category, security level, region, level of expertise for the following categories:

1. Up to two (2) Facilitator Consultant, Intermediate

The requirement is intended to result in the award of one (1) contract for one year with three (3) one year option periods.

The following SA Holders have been invited to submit a proposal.

• Acosys Consulting Services Inc.
• AECOM Canada Ltd.
• SEASONOVA Group Inc.
• SALASAN Consulting Inc.
• MGIS Inc.
• KSAR & Associates Inc
• Hackett Consulting Inc.
• The Right Door Consulting & Solutions Incorporated
• Fujitsu Consulting (Canada) Inc.
• IPSS Inc.
• Maplestream Inc., Cofomo Inc. IN JOINT VENTURE
• Mobile Resource Group Inc.
• Niewe Technology and Consulting Ltd.
• Pricewaterhouse Coopers LLP
• Raymond Chabot Grant Thornton Consulting Inc.
• TDV Global

Description of the Requirement:

Department of Natural Resources Canada under is seeking a firm to support Engagement Services for the CCMEO - FHIMP GeoConnections Programs.

Level of Security Requirement:

Common SRCL #9

Applicable Trade Agreements:

The requirement is subject to the provisions of the Comprehensive Economic and Trade Agreement –CETA, the World Trade Organization - Agreement on Gov Procurement- WTO-AGP, the Canadian Free Trade Agreement- CFTA, the Canada-Chile Free Trade Agreement –CCFTA, the Canada-Columbia Free Trade Agreement- CCoFTA, the Canada-Honduras Free Trade Agreement- CHFTA, the Canada-Panama Free Trade Agreement-CPaFTA, the Canada-Peru Free Trade Agreement- CPFTA, the Canada-Korea Free Trade Agreement- CKFTA.

Proposed period of contract:

The proposed period of contract shall be from September 3, 2024 for one year.

File Number: NRCan- 5000081172

Contracting Authority: Danielle Gudbranson

E-Mail: Danielle.gudbranson@NRCan-RNCan.gc.ca

NOTE: The Task and Solutions Professional Services (TSPS) Method of Supply is subject to quarterly refresh cycles. If you wish to find out how you can be a “Qualified SA Holder”, please contact SPTS.TSPS@TPSGC-PWGSC.GC.CA",Natural Resources Canada,TRUE,Medium,"This requires stakeholders engagement, one of the core services offered by Indigenous Communities Engagement (ICE), for flood planning (an important land use planning input). Although not indigenous-centered, it is quite a good fit for ICE."
Stakeholder and Citizen Consultation and Engagement Services,"Trade Agreement: NONE
Comprehensive Land Claim Agreement: No
Notification Method: Source List
Contract Award Procedure (Procurement Strategy): Government Objectives Representing Best Interests/Value to Govt
GSIN Description: 
Stakeholder and Citizen Consultation and Engagement Services
Quantity: 1",Public Works and Government Services Canada,TRUE,High,"Stakeholder consultation and engagement are some of the core services offered by Indigenous Communities Engagement (ICE). Although not Indigenous-centered, it is a strong fit."
"Staff Augmentation, Operations and Project Support for the Canada Emergency Busi","Export Development Canada (EDC) had an imperative &nbsp;to outsource to a third-party organization to assist in initiating and establishing the Canada Emergency Business Account (CEBA) Program. The scope of this requirement includes bringing in 232 financial institutions and facilitating the onboarding of central credit union agencies.. &nbsp;The primary objective is to onboard a specified number of financial institutions to allow the dispursement of funds to Canadian business owners via banks.
Purchase Order Number 71009",Export Development Canada - EDC,FALSE,,"Project management is one of the services offered by Indigenous Communities Engagement (ICE), but this job is not related to Indigenous communities in any way. This seems very specifically tailored for a human resources company."
Solutions based Professional Services: Project Management Service,"Solutions-Based Professional Services (TSPS) RequirementThis requirement is for: Transport CanadaThis requirement is open only to those Supply Arrangement Holders under E60ZT-16TSSB who qualified under Tier 1 for the following stream(s):Stream 3: Project Management ServicesThe following SA Holders have been invited to submit a proposal:4336615 Canada Inc and RFP solutions Inc Joint VentureAECOM LtdBabcock Canada IncCIMA + S.E.N.C.CPCS Transcom LimitedCVL Information Solutions IncIT/NET – Ottawa IncLe Groupe Conseil Bronson Consulting GroupMacogep IncMason Clark Group IncQMR Staffing Solutions Incorporated 3D Global Enterprises Inc in Joint VentureStantec Consulting LtdTaligent Consulting LtdWSP Canada IncY2 Consulting Psychologist Inc/Psycologues consultants Y2 incPriceWaterhouse CoopersCofomo OttawaErnst and YoundAecom LtdTurner and TownsendDescription of the Requirement:The proposed contract seeks the services of an expert consulting firm and any sub-consultants (Advisor) with expertise in railway planning, engineering and operations, and transportation project business case development to:support an analysis of the present and future rail passenger demand in SWO;evaluate existing routes, building on an assessment of operating capacity and infrastructure constraints;identify new alignment options as needed;propose three (3) options to improve the frequency and reliability of service in the southern Toronto-London-Windsor rail corridor, reflecting three service scenarios andpropose two (2) options to improve London-Sarnia passenger rail service reflecting two service scenariosLevel of Security Requirement:Company Minimum Security Level Required – ReliabilityResource Minimum Security Level Required – ReliabilityApplicable Trade Agreements:World Trade Organization Agreement on Government Procurement (WTO-AGP);Canada-European Union Comprehensive Economic and Trade Agreement (CETA);Canadian Free Trade Agreement (CFTA);Canada-Chile Free Trade Agreement (CCFTA);Comprehensive and Progressive Agreement for Trans-Pacific Partnership (CPTPP); Canada-Columbia Free Trade Agreement (CCoFTA);Canada-Honduras Free Trade Agreement (CHFTA);Canada-Korea Free Trade Agreement (CKFTA);Canada-Panama Free Trade Agreement (CPaFTA);Canada-Peru Free Trade Agreement (CPFTA);Canada-Ukraine Free Trade Agreement (CUFTA) andCanada-United Kingdom Trade Continuity Agreement.Associated Documents:NILProposed period of contract:The proposed period of contract shall be from Contract award to 1 December 2023Bid Solicitation closing date: RFP amendment 002Bids will close on 13 October 2022 at 2:00 PM Eastern Daylight Time (EDT)File Number: T8080-220058Contracting Authority: Louise CurtisPhone Number: 343-571-8834E-Mail: louise.curtis@tc.gc.ca",Transport Canada,FALSE,,"Although this seems like a Business advisory contract, one of the services offered by Indigenous Communities Engagement (ICE), it is very engineering centerd."
Socio-Economic study on the transition from PFAS-containing firefighting foams to alternatives in Canada,"Title: Socio-Economic study on the transition from PFAS-containing firefighting foams to alternatives in Canada
Solicitation Number: 5000076197

Description:

1. 	Summary
Environment and Climate Change Canada (ECCC) has a requirement for a study that includes socio-economic data and information on the transition from per- and polyfluoroalkyl substances (PFAS) containing firefighting foams to alternatives in Canada. The socio-economic data and information are required by ECCC and Health Canada to assess appropriate regulatory and/or non-regulatory controls to minimize environmental and human exposure to the class of PFAS from firefighting foams as detailed in the Statement of Work, Annex A to the bid solicitation.  The period of the contract is from Contract Award Date to August 30, 2024.

2.	Security
There are security requirements associated with this requirement. For additional information, consult Part 6 - Security and Other Requirements, and Part 7 - Resulting Contract Clauses. For more information on personnel and organization security screening or security clauses, Bidders should refer to the Contract Security Program of Public Works and Government Services Canada (http://www.tpsgc-pwgsc.gc.ca/esc-src/introduction-eng.html) website”.


3.	Integrity Provisions
Bidders must provide a list of names, or other related information as needed, pursuant to section 01 Integrity Provisions of Standard Instructions 2004. 

4.	Service Requirements 
For services requirements, bidders in receipt of a pension or a lump sum payment must provide the required information as detailed in article 3 of Part 2 of the bid solicitation.

5.	Social Procurement
Environment and Climate Change Canada supports the Government of Canada’s social and economic objectives, including increasing the participation of businesses from under-represented groups in government procurement opportunities. As such, bidders owned or led by Canadians from under-represented groups, such as women, LGBTQ2+ persons, persons with disabilities and persons from visible minorities are encouraged to submit a bid to this opportunity. 

6.	Debriefings
Bidders may request a debriefing on the results of the bid solicitation process. Bidders should make the request to the Contracting Authority within 15 working days from receipt of the results of the bid solicitation process. The debriefing may be in writing, by telephone or in person.”

7.	Official Languages
Environment and Climate Change Canada provides procurement services in both official languages. Bidders may submit a bid in the official language of their choice.

8.	Additional Information
For additional information, interested suppliers must contact the Contracting Officer named in this Notice.",Environment and Climate Change Canada,TRUE,Low,This requires socio-economic studies wchic migh be under the scope of Indigenous Communities Engagement (ICE) core services. However it might be a long shot and it is not Indigenous-centered.
Social Equity Consulting Services,"The consultant to the Company will develop a social equity strategy for the Company’s real estate development projects in the National Capital Region. The goal of the social equity strategy is to develop a strategic roadmap that will embed social equity and inclusion across all facets of our real estate development projects. It is anticipated that the work will include the following:
- Preliminary review of the Company’s existing projects in the NCR;
- Definition and analysis of social equity or community benefits that can be offered on our large-scale real estate development projects;
- Development of a social equity strategy and implementation roadmap for the NCR;
- Support the project team and work with external consultants throughout and as required support project engagement efforts; and
- Consultant support on an as-needed basis.",Canada Lands Company CLC Limited,FALSE,,Not directly related to Indigenous Communities Engagement (ICE) services and also not aligned to it's key differentiators.
Shared Services Canada – Task-Based and Informatics Professional Services (TBIPS)  - Tier 2 – Project Management Services. This procurement is set aside for Aboriginal Business under the federal government’s Set-Aside Program for Aboriginal Business.,"Shared Services Canada – Task-Based and Informatics Professional Services (TBIPS) - Tier 2 – Project Management Services. This procurement is set aside for Aboriginal Business under the federal government’s Set-Aside Program for Aboriginal Business.This requirement is open only to those TBIPS EN578-170432 Supply Arrangement Holders who qualified under Tier 2 for services in the National Capital Region for the following category(ies):P.5 Project Executive - SeniorP.5 Project Executive - IntermediateP.6 Project Administrator - SeniorP.6 Project Administrator - IntermediateP.7 Project Coordinator - SeniorP.7 Project Coordinator - IntermediateP.8 Project Leader - SeniorP.8 Project Leader - IntermediateP.9 Project Manager - SeniorP.9 Project Manager - IntermediateP.10 Project Scheduler - SeniorP.10 Project Scheduler - IntermediateSSC intends to award 4 contractsperiod of two years, plus four option periods of one year each.Security Level: up to SecretThere is an incumbent providing some of these servicesIncumbent: Maplesoft, TES Contract Services Inc, Teksystems, Eagle Professional Resource Inc; Priceswaterhousecoopers; 529040 Ontario Inc; and IBISKA Telecom Inc.Contract Award: April 10, 2019Current Contract Value: $19,800,000.00Contract End Date: March 31, 2024The following Tier 2 SA Holders have been invited to submit a proposal:1511995 Ontario Inc., Tundra Technical Solutions in Joint Venture1511995 Ontario Limited, ipss inc., in jvACOSYS CONSULTING SERVICES INC./ SERVICES CONSEILS ACOSYS INC., PRICEWATERHOUSECOOPERS LLP, IN JOINT VENTUREAdirondack Information Management Inc., Amita Corporation, Artemp Personnel Services Inc., The AIM Group Inc.,in JOINT VENTUREADIRONDACK INFORMATION MANAGEMENT INC., Valcom Consulting Group Inc., FlexEDGE Consulting Inc., IN JOINT VENTUREADRM Technology Consulting Group Corp.ADRM Technology Consulting Group Corp. and Randstad Interim IncAlivaktuk Consulting Inc. &amp; NavPoint Consulting Group Inc. in JVDalian Enterprises and Coradix Technology Consulting, in Joint VentureDonna Cona Inc.DONNA CONNA INC., IBM CANADA LIMITED IN JOINT VENTUREIPSS INC.Makwa Resourcing Inc., TPG Technology Consulting Ltd. in JOINT VENTUREMaplestream Inc., Cofomo Ottawa Inc., in Joint VentureMaverin Inc.NATTIQ INC., ADGA GROUP CONSULTANTS INC., IN JOINT VENTURENisha Technologies Inc.Nisha Technologies Inc., Contract Community Inc., IN JOINT VENTURETato Recruiting Inc., S.I. SYSTEMS ULC, in Joint VentureTranspolar Technology Corporation and The Halifax Computer Consulting Group In Joint VentureFile Number: R000103162Contracting Authority: Julie BamptonPhone Number: 613-790-5915E-Mail: Julie.bampton@ssc-spc.gc.caSOLICITATION CLOSESAt 2:00 PM on 25 February 2022 Time Zone: ESTInquiries regarding this RFP requirement must be submitted to the Contracting Authority named above.Request for Proposal (RFP) documents will be e-mailed directly from the Contracting Authority to the Qualified Supply Arrangement Holders who are being invited to bid on this requirement. BIDDERS ARE ADVISED THAT “BUYANDSELL.GC.CA” IS NOT RESPONSIBLE FOR THE DISTRIBUTION OF SOLICITATION DOCUMENTS.The Crown retains the right to negotiate with any supplier on any procurement. Documents may be submitted in either official language.NOTE: Task-Based Informatics Professional Services (TBIPS) Method of Supply is refreshed three (3) times per year.If you wish to find out how you can be a “Qualified SA Holder”, please contact RCNMDAI.-NCRIMOS@pwgsc.gc.ca",Shared Services Canada,TRUE,Low,"Project management is one of the services offered by Indigenous Communities Engagement (ICE), but this job is not related to Indigenous communities in anyway. Technically it could be performed by ICE, but it does  not seizes it's key differentiators. A positive aspect is that the procurement was set aside for aboriginal businesses (like ICE)."
"Remote, Isolated and Semi-Isolated First Nations Nursing Services",Indigenous Services Canada (ISC) has a requirement for a Contractor(s) to provide temporary nursing services needed to supplement its workforce in delivering primary and public health nursing services.,Department of Public Works and Government Services (PSPC),FALSE,,Athough this contract is focused on First Nations (Indigenous Communities) requires nursing services which is way off Indigenous Communities Engagement's (ICE) services.
Rehabilitation services for Indigenous offenders,"Rehabilitation services for Indigenous offenders

File Number:  21301-26-5057389

An advanced contract award notice (ACAN) is a public notice indicating to the supplier community that a department or agency intends to award a contract for goods, services or construction to a pre-identified supplier, thereby allowing other suppliers to signal their interest in bidding, by submitting a statement of capabilities. If no supplier submits a statement of capabilities that meets the requirements set out in the ACAN, on or before the closing date and time stated in the ACAN, the contracting officer may then proceed with the award to the pre-identified supplier.

1. Definition of the requirement:

The Correctional Service Canada (CSC) has a requirement to reinforce partnerships with Indigenous communities in order to support the transition and reintegration of offenders into their community. The work will involve the following:

a.	Identify and develop community resources, including housing, counselling, employment, education and others, that can support offenders in developing section 84 conditional release plan;
b.	Educate Indigenous communities and resources about section 84 of the Corrections and Conditional Release Act (CCRA) and the interventions under the CSC’s Continuum of Care for Indigenous;
c.	working with CSC staff, including Indigenous community development officers, Indigenous community liaison officers Indigenous liaison officers and parole officers, among other things, and with community contacts to help CSC develop a release plan to support Indigenous offenders released in the Montreal area;
d.	organizing and coordinating cultural activities to support and advance the reintegration of Indigenous offenders.

As part of this initiative, the Correctional Service of Canada is committed to providing reintegration services to Indigenous offenders in the Montreal community. 

1.1 Objectives:

Work with CSC, community resources and offenders to develop reintegration plans for Indigenous offenders who wish to be released in the Montreal area under section 84 of the CCRA.
  
Provide a support network through identified resources and cultural activities for Indigenous offenders throughout their release planning during and after incarceration to support successful reintegration.

1.2 Tasks:

The Contractor must ;

a.	Support Indigenous offenders by providing reintegration services to released offenders and, when mutually agreed upon, provide such programs to incarcerated offenders.
b.	Provide culturally appropriate referral services
c.	Accompany and receive offenders during escorted temporary absences to the resource.
d.	When the offender wishes to obtain support from the resource, meet (in person, by telephone or virtually) with offenders in institutions to provide them with information on services, help them complete admission and participation forms, develop section 84 release plans in collaboration with CSC staff and the offenders, and submit them to CSC.
e.	Participate in case discussion meetings (including but not limited to, breach of conditions, increased risk) with offenders or the CSC case management teams or both as well as external resources to provide support and information for the release plan.
f.	Attend meetings coordinated by CSC representatives when agreed upon by both parties.


1.3 Expected results:

The resource will be able to demonstrate through an annual report: 
• cultural or other activities that have contributed to the reintegration of Indigenous offenders into society as defined in section 1.2, Tasks.
• the number of section 84 release plans submitted to support the release of Indigenous offenders in their area

The resource will contribute to the reintegration of Indigenous offenders into society and the prevention of recidivism.

1.4 Performance standards:

The Contractor must perform the work in accordance with the standards set out in CSC’s policies and regulations and applicable Canadian laws.

1.5 Deliverables:

a.	 Production of section 84 release plan submitted to CSC within the prescribed time frame and in collaboration with CSC stakeholders and other community resources;
b.	 Conducting cultural or spiritual activities, or both with Indigenous offenders committed in their release planning with the resource;
c.	 One to five Indigenous offenders participating in temporary absences to the resource while incarcerated;
d.	 Annual report on activities offered to offenders who are supported under section 84;

i.	   Contacts with CSC staff;
ii.   Community contacts, including name and contact information; 
iii.	An up-to-date list of resources, including, at a minimum, social reintegration support services such as addiction, housing, and Elder’ support.

1.5.2	Paper consumption: 

a.	Should printed material be required, double sided printing in black and white format is the default unless otherwise specified by the Project Authority. 

b.	The Contractor must ensure printed material is on paper with a minimum recycled content of 30% and/or certified as originating from a sustainably managed forest. 

c.	The Contractor must recycle unneeded printed documents (in accordance with Security Requirements).

1.6 Constraints:

1.6.1	Location of work:

a.	The resource must perform the work in Montreal at their office.
b.	Travel

i.	 When required, the following locations will be visited as part of this contract:

Archambault Institution (Min) :

244 Gibson Boulevard
Sainte-Anne-des-Plaines QC J5N 1V8

Regional Reception Centre:
246 Gibson Boulevard
Sainte-Anne-de-Plaines QC J5N 1V8
Federal Training Centre (Min):

600 Montée Saint-François
Laval QC H7C 1S5

Joliette Institution :  

400 rue Marsolais
Joliette QC J6E 8V4	
		
1.6.2	Language of Work:

The contractor must perform all work in English, French or both.

1.6.3 Security Requirements:

There are no security requirements associated to this contract.

2. Criteria for assessment of the statement of capabilities (minimum essential requirements):

Any interested supplier must demonstrate by way of a statement of capabilities that it meets the following requirements:

Experience: 

a.	The supplier is a not-for-profit organization whose mission is to provide support services to clientele who  are in conflict with the law;
b.	The supplier must have at least five (5) years of experience serving an Indigenous clientele in conflict with the law, acquired in the last five (5) years prior to the closure of this ACAN. 
c.	The supplier must have at least five (5) years of expertise in the last five (5) years prior to the closure of this ACAN, in providing services to a judicialized clientele with the Indigenous community in the Montreal area.

3. Applicability of the trade agreement(s) to the procurement

This procurement is not subject to any trade agreement.

4. Set-aside under the Procurement Strategy for Indigenous Business

This procurement is set-aside for an Indigenous Supplier in accordance with the government Procurement Strategy for Indigenous Business (PSIB). Therefore, only suppliers who meet the definition of an Indigenous business, as defined in the PSIB, may submit a statement of capabilities.

5. Comprehensive Land Claims Agreement(s)

This procurement is not subject to a Comprehensive Land Claims Agreement.

6. Justification for the Pre-Identified Supplier

There are a limited number of providers who are able to provide social reintegration services for Indigenous offenders in the Montreal community that can meet the reintegration needs of CSC Indigenous offenders.

The pre-identified supplier meets all of the minimum essential requirements described in this ACAN.

7. Government Contracts Regulations Exception(s)

The following exception to the Government Contracts Regulations is invoked for this procurement under subsection: (d) only one person is capable of performing the contract.

8. Exclusions and/or Limited Tendering Reasons

This procurement is not subject to any trade agreement.

9. Ownership of Intellectual Property

There are no intellectual property terms in the contract.

10. Period of the proposed contract or delivery date

The proposed contract is for a period of ten (10) months, from June 1, 2025, to March 31, 2026, with an option to extend the contract for two (2) additional one-year periods.

11. Cost estimate of the proposed contract

The estimated value of the contract, including option(s), is $ 315 051.84 (GST/HST extra).

12. Name and address of the pre-identified supplier

Name: First Peoples Justice Center of Tiohtià:ke / Montreal
Address: 3500 Ave Laval Montreal, Quebec H2X 3C8

13. Suppliers' right to submit a statement of capabilities

Suppliers who consider themselves fully qualified and available to provide the goods, services or construction services described in the ACAN, may submit a statement of capabilities in writing to the contact person identified in this notice on or before the closing date and time of this notice. The statement of capabilities must clearly demonstrate how the supplier meets the advertised requirements.

14. Closing date and time for a submission of a statement of capabilities

The closing date and time for accepting statements of capabilities is May 30, 2025, at 2:00 PM (EST).

15. Inquiries and submission of statements of capabilities

Inquiries and statement of capabilities are to be directed to:

Eloïse Clément-Ferland
Regional Officer
Contracting and Materiel Services
Correctional Service Canada
250, Montée St-François
Laval (Québec) H7C 1S5
Telephone : 514-234-6283
Email: Eloise.clement@csc-scc.gc.ca",Correctional Service of Canada (CSC),TRUE,High,The required work is Indigenous-centered and really aligns with Indigenous Communities Engagement's (ICE) key differentiators. It also comprises some of ICE's core services: Indigenous facilitation and community capacity development.
Real Property Project Management Support,1.2.1 Public Works and Government Services Canada (PWGSC) requires a variety of expertise in Project Management Support Services with knowledge and experience in supporting and managing the Government of Canada’s Real Property Projects in the NCA. The successful Contractors will provide real property project management resources to support PWGSC in the delivery of Real Property projects in the National Capital Area (NCA).,Department of Public Works and Government Services (PSPC),TRUE,Low,"Project management is one of the services offered by Indigenous Communities Engagement (ICE), but this job is not related to Indigenous communities in anyway. Technically it could be performed by ICE, but it does  not seizes it's key differentiators."
RCMP National Strategic Plan for Reconciliation,"TASK Based Professional Services (TSPS) RequirementThis requirement is for: Royal Canadian Mounted PoliceThis requirement is open only to those Supply Arrangement Holders under E60ZT-18TSPS who qualified under Tier 1 for the following category:2.3 Business Consultants (1 x 2.3 Business Consultant - Intermediate 1 x 2.3 Business Consultant – Senior)The following SA Holders have been invited to submit a proposal:Acosys Consulting Services Inc.Acosys Consulting Services Inc./ Services Conseils Acosys Inc., The Halifax Computer Consuting Group Inc., in Joint VentureAdirondack Information Management Incl, The AIM Group Inc., in Joint VentureADRM Technology Consulting Group Corp.ADRM Technology Consulting Group Corp., and Randstad Interim Inc.Dalian Enterprises and Coradix Technology Consulting, in Joint VentureDonnna Cona Inc.Koroc Consulting Inc., Isheva Inc. in Joint VentureMakwas Resourcing Inc., TPG Technology Consulting Ltd. In Joint VentureMalarsoft Technology CorporationMaverin Business Services Inc.Mindwire Systems Ltd., Akkada Professional Services Inc., HubSpoke Inc., in Joint VentureMobile Resource Group Inc.Nattiq Inc.Naut’sa mawt Resources Group, Inc.Nisha Technologies Inc.OLAV Consulting Group., Moshwa Aboriginal Information Technology Corporation, in Joint VentureOrbis Risk Consulting Inc.Orbis Risk Consulting Inc., Okwaho Management Resources Inc., in Joint VentureSymbiotic Group Inc.T.I.7 inc.Transpolar Technology Corporation and The Halifax Computer Consulting Group in Joint VentureTurtle Island Staffing Inc.Description:The Royal Canadian Mounted Police (RCMP) requires the services of an intermediate and senior level Business Consultant to collaborate with the RCMP Indigenous Strategic Operations (ISO) unit to work collectively to co-develop the RCMP’s National Strategic Plan for Reconciliation. This plan will support one (1) of the five (5) organizational strategic priorities entitled ""the Safety and Well-Being of Indigenous communities"" to be used by the organization nationally at headquarters and in the divisions/at the community level.Estimated Contract Period: The contract period will be from date of contract award to September 30, 2022 with an irrevocable option to extend it for up to one (1) additional six month period. The anticipated start date is May 9, 2022.This procurement has been set aside under the federal government's Procurement Strategy for Aboriginal Business (PSAB). In order to be considered, a supplier must certify that it qualifies as an Aboriginal business as defined under PSAB and that it will comply with all requirements of PSAB.This procurement is set aside from all the trade agreements under the provision each has that permits the procurement to be set aside for Aboriginal business.Security Requirement: RCMP Facility Access, Level 2Basis of selection: Lowest Evaluated Price – mandatory criteria onlyTenders must be submitted to the RCMP Bid Receiving Unit at: michelle.allen@rcmp-grc.gc.caRefer to the attached tender documents to obtain further information.The Crown retains the right to negotiate with any supplier on any procurement.Documents may be submitted in either official language of Canada.Procuring Office: Michelle Allen, Royal Canadian Mounted Police, Contracting and Procurement, 73 Leikin Drive, Ottawa, ON K1A 0R5Telephone: 343-572-4945Email: michelle.allen@rcmp-grc.gc.caThe RCMP has published its National Procurement Plan at http://www.rcmp-grc.gc.ca/en/rcmp-national-procurement-plan.Canada will make available Notices of Proposed Procurement (NPP), bid solicitations and related documents for download through the Government Electronic Tendering Service (GETS) at http://www.buyandsell.gc.ca/tenders. Canada is not responsible and will not assume any liabilities whatsoever for the information found on websites of third parties. In the event an NPP, bid solicitation or related documentation would be amended, Canada will not be sending notifications. Canada will post all amendments, including significant enquiries received and their replies, using GETS. It is the sole responsibility of the Bidder to regularly consult GETS for the most up-to-date information. Canada will not be liable for any oversight on the Bidder's part nor for notification services offered by a third party.NOTE: The Task and Solutions Professional Services (TSPS) Method of Supply is subject to quarterly refresh cycles. If you wish to find out how you can be a “Qualified SA Holder”, please contact SPTS.TSPS@TPSGC-PWGSC.GC.CA",Royal Canadian Mounted Police,TRUE,High,"The contract requires Business advisory services, one of Indigenous Communities Engagement's (ICE) core services. The project is about Reconciliation with indigenous communities, ICE's focus."
Psychological Risk Assessments Services,"Psychological Risk Assessment services

This requirement is for: The Correctional Service of Canada, Atlantic Region.

Trade agreement:	 This procurement is not subject to any trade agreement.

Tendering procedures: All interested suppliers may submit a bid.

Competitive Procurement Strategy: lowest priced compliant bid.

Set-aside under the Procurement Strategy for Indigenous Business: This procurement is not subject to any set-asides for Indigenous Suppliers.

Comprehensive Land Claim Agreement: This procurement is not subject to a Comprehensive Land Claims Agreement.

Security Requirements: This contract includes security requirements.

Nature of Requirements: 

The following is a summary of the statement of work for this requirement. 

The Correctional Service Canada (CSC) Health Services require the services of a psychologist for offenders housed at the Springhill Institution.

Objectives: Provide psychological risk assessment services to offenders, as requested by the Project Authority, at Springhill Institution as a psychologist.

Deliverables: 

•	The Contractor must take into account gender, cultural, religious and linguistic differences and be responsive to the special needs of women and Indigenous People.

•	The Contractor must provide all services in compliance with federal and provincial legislation and standards, provincial and national guidelines, practice standards and CSC Policy/Guidelines including the CSC Mental Health Policy and guidelines.

•	The Contractor must provide services in accordance with the ethical and professional practice standards of the applicable provincial regulatory body, the Canadian Code of Ethics for Psychologists and relevant legislation guiding the practice of Psychology within correctional settings.

•	The Contractor is expected to consult with the Project Authority to ensure that all psychological practices are consistent with the relevant and most current legislation, practice standards and policies.

•	On a yearly basis or as determined by the Project Authority, the Project Authority or designate will review a sample of reports to determine if they meet CSC and professional standards for psychological reports. If a report is judged to be substandard, the Contractor must amend the report as requested at no extra cost to the Crown. The amendment must be completed, and the amended report submitted to the Project Authority within one (1) week following the date when the amendment was requested.

•	Timeliness of the submission of all reports will be monitored on an ongoing basis by the Project Authority.  Timeliness will form part of the assessment of the Contractor's work.



Psychological Risk Assessment Services:

The following is a summary of the tasks the Contractor must perform:

a.	The Contractor must perform and submit psychological risk assessment reports to the CSC 	Project Authority and designates CSC representative for disclosure to third parties, 	including the Parole Board of Canada;

b.	Dates and times for offender interviews will be set-up by mutual agreement between the 	Project Authority and the Contractor;

c.	The Contractor must conduct assessment interviews, administer all psychological tests 	(unless prearranged for self-report measure – see part f, below), interpret test results, 	and review offender files. Relevant files include Sentence Management, Case 	Management, and health files. However, on occasion and if relevant to the specific case, 	the Contractor must review the Security Intelligence files or, alternatively, consult with 	Health Care Professionals or Security Intelligence 	staff, or both about the client. The 	Contractor must also consult other CSC personnel about the client’s referral or behaviour 	or both if necessary. The Contractor must integrate information obtained through testing, 	file review, clinical interview, and if relevant, staff member interviews, into a comprehensive 	psychological risk assessment report;

d.	The Contractor must provide the Project Authority and designates with all original test data;

e.	The Contractor must use the file-based Statistical Instrument in Recidivism – Revised (SIR-	R) test results if available on file (the SIR-R does not apply to Indigenous and Women 	offenders), at least one other clinician rated actuarial measure measuring risk and needs 	that has been shown to be reliable and valid for use with offender populations according to 	published work. The Contractor may use measures of personality and intellectual 	functioning. The Contractor must interpret all tests in a standardized manner using the 	norms supplied only by the test publisher or author, or both. Placement of percentiles tests 	scores in reports is acceptable when deemed necessary by the Contractor, as part of the 	standardized test reporting process, or when requested by the Project Authority. Reports 	must not contain raw test scores under any circumstances;

			f.	In the event that the Contractor negotiates with a particular site to have CSC staff 					administer self-report measures including those assessing personality and intellectual 				functioning, or to have them 	provide recent relevant scores from in-house test 					administration, and thus does not administer these tests, the Contractor shall apply a 				discount of 5 % per assessment, for each relevant case;

		g.	Psychological Risk Assessment reports must comply with the following requested content 				and 	format. Sections may be added to the standardized format according to case-specific 				needs. Please note that this format is not necessarily all-inclusive, but represents the minimum 			number of areas to be covered: 

	i.	Demographic information;
			ii.	Reason for Referral;
			iii.	Interview Information;
			iv.     Documentation Reviewed;
v.     Brief Criminal History;
vi.    Institutional and/or Community Adjustment;
			vii.    Brief Psychosocial/Relevant History;
			viii.	Interview Impressions/Mental Health;
			ix.	Summary of Previous Assessments;
			x.	Cognitive Functioning and Personality;
	xi.    Treatment Needs/Responsivity;
			xii.	Assessment of Risk, Risk Management Strategies and Recommendations; 
			xiii.	Offender and Contractor Signature Block:

h.	The Contractor must only make recommendations for mental health counselling in 	instances where the offender is at acute risk of self-harm or harm to others, where there is 	a clear need for such counselling to assist the offender in maintaining mental and 	emotional stability or as it pertains to criminogenic factors and risk. Recommendations for 	counselling should be generic as to the practitioner who will be providing the service and 	for community release cases must take into account the offender's motivation (i.e., 	motivated offenders will not need this as a condition of parole). Should it be felt that mental 	health counselling must be a condition of parole, it must be established in the report that:  

		i.	The offender needs such counselling for safe reintegration; and  
		ii.	It is necessary to impose such a condition to ensure that the offender participates. 
 
	All recommendations for counselling must include the reason for the need for this 			service, the goals, and comments on the possible duration;

		i.	The Contractor must share the final report with the assessed offender.   The Contractor 	must document that information sharing has occurred by having the offender sign and date 	the original report.  If the offender refuses to sign, the Contractor must note this on the 	report and information sharing requirements will be considered to have been met;

		j.	The Contractor must advise the Project Authority if they are unable to share the reports and 	coordinate signatures with the offender.  At the discretion and prior approval of the project authority, 	CSC will assume the information sharing and offender signature responsibility;

		k.	The Project Authority or designate will refer any questions or concerns the offender has on 				the report back to the attention of the Contractor.  While under contract with CSC, the 				Contractor must answer questions posed by an offender regarding a report for a two (2) 				year period after sharing the report;

l.	The Contractor must submit completed reports to the Project Authority or designate no later 	than four (4) weeks from the date of referral.  The Contractor must share the completed 	report with the offender no later than 2 weeks after initially interviewing the offender. Upon 	request of the Contractor, and at the sole discretion of the Project Authority, either or both 	of these deadlines can be extended for a period not exceeding four (4) weeks;

		m.	The CSC Mental Health Department will enter finalized psychological risk assessment 				reports into the electronic health record and OMS, and ensure that a copy has been share-				printed to the Parole Board of Canada;
 
		n.      If requested by the Project Authority or designates, the Contractor must submit a 					completed emergency risk assessment no later than five (5) business days from the date of 			referral;

		o.	CSC is required to complete Judicial Review Risk Assessments for some offenders. At the 				request of the Project Authority, the Contractor must complete a Judicial Review Risk 				Assessment and assume any future court costs related to the case assessed;

		p.	The Contractor must collect information related to the dynamics of the offence, identify treatment 				needs and risk factors and determine the sexual offender's suitability for individual or group treatment 				programming.  These assessments can also be carried out at intake or pre-release.  When an 				assessment of a sexual offender is requested, the Contractor must provide, in addition to 				the above content, a comprehensive description of psycho-sexual development, sexual 				misconduct and offenses; 
		q.	Specific content references to be included but not limited to in this description would be: 				history and development of sexual behavior, information pertaining to prior child abuse, 					domestic abuse or violence against women perpetrated by the offender whether sexual or 				otherwise, information pertaining to co-offending and the relationship with the current 				sexual offense or sexual offense pattern, any attitudes supportive of sexual offending and 				sexual abuse, relationship problems particularly as they relate to intimacy deficits and 				social competence, factors relevant to their sexual offending (i.e., sexual self-regulation, 				intimacy issues, general self-regulation), general antisocial characteristics and 					psychopathology that may influence sexual offending and misbehaviour, and relevant medical 				history.  Previous assessment results, including assessment of deviant sexual preference and prior 			programming results should also be considered. Psychological risk assessments of sexual 				offenders should attend to risk variables based on empirically based, clinician-rated measures of 				actuarial, static and dynamic risk that focus on sex offence specific factors where possible; and

	r.        For male sex offenders, it is mandatory for the Contractor to use the STATIC-99R for all 		          sexual offender risk assessments (including non-contact offenders, but not offenders 		          exclusively involved in child pornography). Dynamic risk must be assessed using 			          a clinician rated actuarial measure that has been shown to be reliable and valid (e.g., 		          STABLE-2007, VRS-SO or the RSVP). For cases where there is currently limited data 		          specific to that population (e.g., child pornography only offenders) then the Contractor 	          	          must use a measure that is based on the available evidence (e.g., CPORT).  No sex 		          offending risk and recidivism actuarial measures are to be used for women sex offenders.

	The services the Contractor must provide also include but are not limited to the following:

	a.	Participate in meetings as a consultant including case conferences, the Interdisciplinary Mental 			Health Team or the Correctional Intervention Board and other related activities as requested;

	b.	Participate in CSC training, including orientation to CSC and CSC’s risk assessment requirements as requested;

	c.	Provide consultation services for the resolution of CSC internal offender grievance and investigative processes as requested; and

d.	Prepare and submit psychological assessment and other reports as requested by the Project 	Authority.

The Contractor must provide a verbal report to the Chief, Mental Health Services and/or other pertinent staff immediately subsequent to the interview for any cases that are at risk of suicide/self-harm, or are obviously mentally ill or unstable. 

Language of work: The services are to be provided in both official languages (English and French) based on the client’s preferences in Stream 8 and 9.  

Any conditions for participation of suppliers not specified in solicitation documentation: none.

Estimated quantity of commodity: see solicitation document statement of work and basis of payment.

Duration of Contract and Time Frame for Delivery: 

Period of the Contract: The Work is to be performed from date of Contract to March 31, 2025.

File Number: 21210-24-4602916/004

Contracting Authority: Sylvie Gallant
Telephone number: 506-378-8724
E-mail: Sylvie.Gallant@csc-scc.gc.ca

NOTE TO BIDDERS: Bidders can obtain the complete statement of work and evaluation criteria by downloading the solicitation document and associated documents from the Canada buys / tender opportunities website.

The Crown reserves the right to negotiate with suppliers on any procurement.

Documents may be submitted in either official language of Canada (English or French).

After contract award, bidders may request a debriefing on the results of the bid solicitation process. Bidders should make the request to the Contracting Authority within fifteen (15) working days of receipt of the results of the bid solicitation process. The debriefing may be in writing, by telephone or in person.

Procurement Assistance Canada (PAC) offers seminars to businesses interested in learning how to sell goods and services to the Government of Canada. The seminars are FREE.

Topics include:
? Overview of the federal government contracting process;
? Searching for opportunities on the Buy and Sell - Tenders website;
? Bidding on opportunities;
? Registering in supplier databases.

The full schedule of seminars can be found on the Buyandsell.gc.ca website, under Event Calendar (https://buyandsell.gc.ca/event-calendar).",Correctional Service of Canada,FALSE,,"Although the procurement for this contract is set aside for aboriginal Businesses, such as Indigenous Communities Engagement (ICE), it requires the services of a psychologists, which ICE does not provide."
"Project monitoring for five (5) projects financed by the Department of Foreign Affairs, Trade and Development (DFATD) supporting gender-responsive and climate-smart private sector development in Sub-Saharan Africa.","Description of Work

The objective of the mandate is to support DFATD in monitoring, identifying lessons learned, and ensuring the effective and efficient management of the following five projects: 
1) Accelerating Women’s Business Growth (AWBG); 
2) Accelerating Regional Business Growth (ARWG); 
3) Promoting Inclusion through Leadership and Investment; 
4) Leveraging Equality for Gender-Just Economic Development (LEGEND); and 
5) Investing in Women in the Blue Economy in Kenya (IIW-BEK); 
with the ultimate goal of contributing to better development results.

This requirement is open only to those TSPS Supply Arrangement (SA) # E60ZT-18TSPS/XXX/ZT Holders who qualified under Tier 1 for services in the National Capital Region for the following Stream: 

Stream 3: Project Management Services and 
Stream 2: Business Consulting/Change Management  
Team member Category:
-	One (1) X – Project Monitor Consultant - Category 3.9 - Senior
-	One (1) X Evaluation Services Consultant - Category 2.12 – Senior
-	Two (2) X Subject Matter Expert - Category 2.14 - Senior",Department of Foreign Affairs Trade and Development (DFATD),FALSE,,"The project is outside of Canada, even in another continent."
Project Management Services,"This requirement is open only to those Supply Arrangement Holders under E60ZT-18TSPS. The Department of Public Works and Government Services Canada, Real Property Services, Pacific Region, Vancouver, British Columbia, requires external Project Management support services to be provided by experienced Project Management Support Service Project Managers and a Project Administrator to assist PWGSC to manage the implementation of various assorted projects serviced from the Vancouver PWGSC office. Work will be performed in the province of British Columbia.   It is anticipated the period of work for the various Project Managers will be for a three year period, with an option to extend the contract by two additional one year periods.",Department of Public Works and Government Services (PSPC),TRUE,Low,"Project management is one of the services offered by Indigenous Communities Engagement (ICE), but this job is not related to Indigenous communities in anyway. Technically it could be performed by ICE, but it does  not seizes it's key differentiators."
Project Management Services,"Organization Name: Library and Archives CanadaSolicitation Date: 2022-03-16Closing Date: 2022-05-02Contract Duration:The contract period will be for one (1) year from the date of contract with 3 options to extend it for a one year periods Solicitation Method: CompetitiveComprehensive Land Claim Agreement Applies: NoNumber of Contracts: 1 ContractRequirement DetailsTendering Procedure: Selective TenderingThis requirement is open only to those TBIPS Supply Arrangement Holders who qualified under Tier 1 for services in the National Capital Region for the following categories:P.2 Enterprise Architect Level 3P.8 Project Leader Level 3P.9 Project Manager Level 3 The following SA Holders have been invited to submit a proposal:7792395 Canada Inc.ADIRONDACK INFORMATION MANAGEMENT INC., Valcom Consulting Group Inc., FlexEDGE Consulting Inc., IN JOINT VENTUREAlivaktuk Consulting Inc. &amp; NavPoint Consulting Group Inc. in JVCalian Ltd.Cistel Technology Inc.Dare Human Resources CorporationExcel Human Resources Inc.I.M.P. Group LimitedIT/Net - Ottawa Inc.Maplesoft Consulting Inc.Modis Canada IncProcom Consultants Group Ltd. The AIM Group Inc. TRM Technologies Inc. Vurtur Communications Group Description of Work:LAC has a requirement for IT project management and Enterprise Architecture support offered on an as required basis, in the National Capital Region (NCR), over the next four years. Individual requirements as outlined below, will be managed using separate Task Authorizations.Security Requirement: Common PS SRCL #06 appliesMinimum Corporate Security Required: Designated Organization Screening (DOS)Minimum Resource Security Required: Enhanced ReliabilityContract AuthorityName: Isabelle Legault Email Address: bac.receptiondesoumission-bidreceiving.lac@canada.caInquiriesInquiries regarding this RFP requirement must be submitted to the Contracting Authority named above. Request for Proposal (RFP) documents will be e-mailed directly from the Contracting Authority to the Qualified Supply Arrangement Holders who are being invited to bid on this requirement. BIDDERS ARE ADVISED THAT “BUYANDSELL.GC.CA” IS NOT RESPONSIBLE FOR THE DISTRIBUTION OF SOLICITATION DOCUMENTS. The Crown retains the right to negotiate with any supplier on any procurement. Documents may be submitted in either official language.NOTE: Task-Based Informatics Professional Services (TBIPS) Method of Supply is refreshed three (3) times per year. If you wish to find out how you can be a “Qualified SA Holder”, please contact RCNMDAI.-NCRIMOS@pwgsc.gc.ca",Library and Archives Canada,TRUE,Low,"Project management is one of the services offered by Indigenous Communities Engagement (ICE), but this job is not related to Indigenous communities in anyway. Technically it could be performed by ICE, but it does  not seizes it's key differentiators."
Project Management Consulting and Support for Enterprise Project Management Office,"NOTICE OF PROPOSED PROCUREMENT (NPP)For Task–Based Informatics Professional Service: Requirements for services (TBIPS)GSIN: H100BB – Quality Assurance Project ManagementReference Number:9F032Solicitation Number:9F037-22-0038Organization Name:Canadian space Agency (CSA)Solicitation Date : November 11 2022Closing Time: December 9th 2022 at 14h00 PM (EST)Estimate Level of Effort: Indicate in the Statement of work (SOW)Contract Duration:From one year after the award date of the contractSolicitation Method:CompetitiveComprehensive Land Claim Agreement Applies:NoApplicable Trade Agreements:The requirement is subject to the provisions of CFTARequirement DetailsTendering Procedure: Selective TenderingThis requirement is only open to the following pre-qualified suppliers under the Task and Solution Based on Professional Services Supply Arrangement (TSPS), # E60ZT-18TSPS/D for the following categories:2. Business Consulting / Change Management Stream2.1 Business Analyst3. Project Management Services Stream3.2 Project Manager3.6 Risk Management Specialist5. Technical, Engineering and Maintenance Services Stream5.3 Engineering GraduateFour (4) resourcesSupplier Security Clearance: ReliabilityDocument Safeguarding: Protected BRegion/Metropolitan: on placeEstimated Requirement Dollar Value Range: above CKFTA ($100,000) and up to $3,750,000.00Description of Work:The CSA’s Enterprise Project Management Office (EPMO) team requires the services of external consultants to provide assistance with a series of CSA Projects, Project Portfolio activities and support to periodically perform analysis of processes and tools in order to propose possible improvements. The activities sought from the Contractor will include project management activities taking into consideration the requirements of CSA’s Investment Governance and Monitoring Framework (IGMF) and the Integrated Project Management Operating Standard.The intent is to have the Lead PM (senior Project Manager) available to provide the equivalent of 1 day per month (approximately 12 days) and three (3) other resources available to provide the equivalent of 40 days (approximately 13 days each) a year based on the operational requirements (i.e.: likely to be short sprints of a couple of days when the need arise).These three (3) resources must either be at least intermediate according to the table below:2.1Business AnalystIntermediate3.2Project ManagerSenior3.6Risk Management SpecialistIntermediate5.3Engineering GraduateIntermediateContract AuthorityContracting Authority: Julie MercierPhone Number: 438-270-5868E-Mail: julie.mercier@asc-csa.gc.caInquiriesInquiries regarding this RFP requirement must be submitted to the Contracting Authority named above. Request for Proposal (RFP) documents will be e-mailed directly from the Contracting Authority to the Qualified Supply Arrangement Holders who are being invited to bid on this requirement. BIDDERS ARE ADVISED THAT “BUYANDSELL.GC.CA” IS NOT RESPONSIBLE FOR THE DISTRIBUTION OF SOLICITATION DOCUMENTS. The Crown retains the right to negotiate with any supplier on any procurement. Documents may be submitted in either official language.For contact information please refer to PSPC's Contact Acquisitions page.",Canadian Space Agency,TRUE,Low,"Project management is one of the services offered by Indigenous Communities Engagement (ICE), but this job is not related to Indigenous communities in anyway. Technically it could be performed by ICE, but it does  not seizes it's key differentiators."
"Project Administrator, Senior","NOTICE OF PROPOSED PROCUREMENTThis requirement is only open to the below list of pre-qualified suppliers under the Task and Solutions Professional Services (TSPS). TASK BASED E60ZT-18TSPS/ PROFESSIONAL SERVICES REQUIREMENTFILE NUMBER: W8485-TSPS2023-15TIER 1 (&lt; $3.75 M)This requirement is for the Department of National Defence (DND).This requirement is for the:- Stream 3: Project Management Services Stream- Category 3.1: Project Administratorfor the services of:- One (1) Senior (Level 3) Project AdministratorGSINR123AH: Project Management ServicesNumber of Contracts: This bid solicitation is intended to result in the award of one (1) contracts for two (2) years, plus three (3) irrevocable option years allowing Canada to extend the term of the Contract.Request for Proposal (RFP) documents will be e-mailed directly, from the DND Point of Contact (DND POC), to the Qualified Supply Arrangement Holders who are being invited to bid on this requirement. BIDDERS ARE ADVISED THAT RFP DOCUMENTS ARE NOT AVAILABLE ON THE GOVERNMENT ELECTRONIC TENDERING SYSTEM (https://buyandsell.gc.ca/tenders).Location of Work to be Performed:Region(s): National Capital RegionSpecific Locations: 60 Moodie Drive, Ottawa, ONSecurity Requirement:Security Requirements Check List: Common PS SRCL #41Supplier Security Clearance required: FSC - SecretSecurity Level required (Document Safeguarding): NoneEstimated Level of Effort:The estimated level of effort of the contract will be for 240 days per year.Estimated time frame of contract – December 1, 2022 to November 30, 2025 plus two (2) irrevocable option years.Enquiries: Enquiries regarding this RFP requirement must be submitted to the DND POC listed below.File Number: W8485-TSPS2023-15DND POC: Khushbu BakshiE-Mail: DapServicesBidReceiving-DoaServicesReceptionDesSoumissions@forces.gc.caDescription of the Requirement:This bid solicitation is being issued to satisfy the requirement of the Department of National Defence for the provision of Task and Solutions Professional Services.The Department of National Defence (DND) requires the services of one (1) Project Administrator, Senior to provide support to the Directorate of Air Strategic Management (D Air SM).Documents may be submitted in either official language of Canada.The TSPS Method of Supply is a result of a formal competitive process which was established as a result of extensive consultations with industry. The Method of Supply provides suppliers with an on-going opportunity to become prequalified for participation in future bidding opportunities. To obtain more information about how to become a pre-qualified supplier for TBIPS, please contact Public Works and Government Services Canada (PWGSC) at: spts.tsps@tpsgc-pwgsc.gc.ca.For general information on the various PWGSC Methods of Supply, or to obtain specific information on a PWGSC professional service method of supply, please visit PWGSC's Buy and Sell website at: https://buyandsell.gc.ca/for-businesses/selling-to-the-government-of-canada/register-as-a-supplier/register-to-provide-services.List of Pre-Qualified SuppliersThis requirement is open only to those Supply Arrangement Holders under E60ZT-18TSPS who qualified under Tier 1 for the following category:3.1 Project Administrator, SeniorThe following SA Holders have been invited to submit a proposal.List of Suppliers:9468269 Canada Corp.A Hundred Answers Inc.A. Net Solutions Inc.Accenture Inc.Access Corporate Technologies Inc.ACF Associates Inc.Acosys Consulting Services Inc.Action Personnel of Ottawa-Hull LtdAdecco Employment Services Limited/Services de placement Adecco LimitedADGA Group Consultants Inc.Adhartas Consulting Inc.ADRM Technology Consulting Group Corp.ADRM Technology Consulting Group Corp. and Randstad Interim IncALITHYA CANADA INCAltis Human Resources (Ottawa) Inc.ALTRUISTIC INFORMATICS CONSULTING INC.ARTEMP PERSONNEL SERVICES INCArup Canada Inc.Avascent Canada ULCAZUR HUMAN RESOURCES LIMITEDBDO Canada LLPBevertec CST Inc.Beyond Technologies Consulting Inc.Blue Water Sourcing IncBTY Consulting Inc.Cache Computer Consulting Corp.Calian Ltd.CGI Information Systems and Management Consultants Inc.CIMA+ S.E.N.C.Cistel Technology Inc.CloseReach Ltd.Cloud SynApps Inc.CM Inc.Colliers Project Leaders Inc.COLLIGO CONSULTING INCORPORATEDCOMPUTACENTER TERAMACH INC.Confluence Consulting Inc.Conoscenti Technologies Inc.Contract Community Inc.Coradix technology Consulting Ltd.CPCS Transcom LimitedCVL INFORMATION SOLUTIONS INC.Dare Human Resources CorporationDeloitte Inc.DLS Technology CorporationDonna Cona Inc.Eagle Professional Resources Inc.Elevated Thinking Inc.Ernst &amp; Young LLPEtico, Inc.Excel Human Resources Inc.Fleetway Inc.FMC Professionals Inc.Foursight Consulting Group Inc.Fujitsu Consulting (CANADA) Inc./Fujitsu Conseil (Canada) Inc.GovInsights Consulting Inc.GSI International Consulting Inc.HDP Group IncHolonics Inc.I4C INFORMATION TECHNOLOGY CONSULTING INCIBISKA Telecom Inc.IDS Systems Consultants Inc.iFathom CorporationInformation Management and Technology Consultants Inc.Intelan Consulting Inc.IPSS INC.IT/Net - Ottawa Inc.KPMG LLPL-3 Technologies MAS Inc.Lansdowne Technologies Inc.Le Groupe Conseil Bronson Consulting GroupLean Agility Inc.Leo-Pisces Services Group Inc.Leverage Technology Resources Inc.Lightning Tree Consulting Inc.Louis Tanguay Informatique Inc.Lumina IT inc.Macogep inc.Maplesoft Consulting Inc.Maverin Business Services Inc.MaxSys Staffing &amp; Consulting Inc.MDOS CONSULTING INC.Messa Computing Inc.MGIS Inc.Mindstream Training Center and Professional Services Bureau, IncMindwire Systems Ltd.Modis Canada IncNATTIQ INC.NavPoint Consulting Group Inc.Newfound Recruiting CorporationNewLeaf Performance Inc.Nisha Technologies Inc.OGGN Inc.Orbis Risk Consulting Inc.Performance Management Network Inc.Platinum Technologies Inc.Posterity Group Consulting Inc,PRECISIONERP INCORPORATEDPricewaterhouse Coopers LLPPrimex Project Management LimitedProcom Consultants Group Ltd.Prologic Systems Ltd.Promaxis Systems IncProtak Consulting Group Inc.ProVision IT Resources Ltd.QA CONSULTANTS INC.QinetiQ Group Canada Inc.QMR Staffing Solutions IncorporatedQuallium CorporationQuantum Management Services Limited / Les services de gestion Quantum LimitéeQuarry Consulting Inc.Randstad Interim Inc.Raymond Chabot Grant Thornton Consulting Inc.Reticle Ventures Canada IncorporatedRevay and Associates LimitedRHEA INC.Risk Sciences International Inc.Robertson &amp; Company Ltd.Run Straight Consulting LtdS.I. SYSTEMS ULCSamson &amp; Associés CPA/Consultation IncSerco Canada Marine CorporationSia Partners Inc. / Sia Partenaires Inc.Sierra Systems Group Inc.Spearhead Management Canada Ltd.SRA Staffing Solutions Ltd.Strategic Relationships Solutions Inc.Stratos IncSundiata Warren Group Inc.Symbiotic Group Inc.Systemscope Inc.SÉLECT GLOBAL INTERNATIONAL LTÉE.T.E.S. Contract Services INC.T.I.7 Inc.TDV Global inc.Tech4soft Inc.The AIM Group Inc.The Avascent Group, Ltd.The Devon Group Ltd.The Halifax Computer Consulting Group Inc.The Right Door Consulting &amp; Solutions IncorporatedTHE SOURCE STAFFING SOLUTIONS INC.The VCAN Group Inc.Thomas&amp;Schmidt Inc.TOTAL OUTSOURCE CANADA, INC.TPG Technology Consulting Ltd.TRM Technologies Inc.Tundra Technical Solutions IncTurtle Island Staffing Inc.Valcom Consulting group Inc.Veritaaq Technology House Inc.Wood Canada LimitedZernam Enterprise IncZW Project Management Inc.",Department of National Defence,TRUE,Low,"Project management is one of the services offered by Indigenous Communities Engagement (ICE), but this job is not related to Indigenous communities in anyway. Technically it could be performed by ICE, but it does  not seizes it's key differentiators."
Project Administrator Intermediate,"The Department of National Defence has a requirement for one (1) Intermediate Project Administrator to support Director Research Personnel Generation, within Director General Military Personnel Research and Analysis, to administer a number of related projects in response to the Independent External Comprehensive Review and the Chief of Defence Staff / Defence Minister Directive for Canadian Armed Forces Reconstitution concerning research on ethics, conduct and culture, and other related research topics. The Contract is for a one (1) year period.",Department of National Defence ,TRUE,Low,"Project management is one of the services offered by Indigenous Communities Engagement (ICE), but this job is not related to Indigenous communities in anyway. Technically it could be performed by ICE, but it does  not seizes it's key differentiators."
POR - Indigenous Engagement and Consultation Data Collection Tool Development,Indigenous Engagement and Consultation Data Collection Tool Development,Department of Public Works and Government Services (PSPC),TRUE,High,"Indigenous Engagement, Consultation and Data collection are all core services of Indigenous Communities Engagemnet (ICE). Thit is a perfect fit."
Oral History Research Project – Prince Albert National Park,"REQUIREMENT

Prince Albert National Park requires the service of a researcher to work closely with the parks project lead to deepen the knowledge on the multi-generational impact of the establishment of the park on local Indigenous communities, through historical research and analysis and through meeting with community members. 

Using existing oral history transcripts gathered recently from the impact of the parks establishment on local Indigenous communities project, background documents on the history of this region, as well as original research and additional local knowledge, research and write an approximately 30-page public history document on the history of the impact of the establishment of Prince Albert National Park on local Indigenous communities, relationship with the land, the family connection, centering oral history evidence at the fore of the narrative. 

Supplement the research by meeting with community members to learn more about their stories, gather local knowledge, historical and modern photographs and maps incorporating names, to give a better sense of place to these narratives.

The Contractor will arrange engagement and project update meetings with local First Nation and Métis communities.

PERIOD OF CONTRACT / DELIVERY DATE

The period of the Contract is from date of Contract to November 30, 2023 inclusive.",Parks Canada Agency,TRUE,High,"This contract's work requires social research, indigenous knowledge studies and traditional land use studies, all core services of Indigenous Communities Engagement (ICE). It is a perfect fit."
Online Engagement Platform,"NRCan requires ongoing capacity over the period of five (5) years to support public engagement, consultation,
and communication efforts. This encompasses the use of technology-driven methods and tools that promote
digital participation and ensure that consultation and engagement processes are inclusive and far-reaching. As
such, NRCan seeks a Supplier to provide an online engagement platform that will equip department officials
with the capability to plan and undertake consultation activities and host them on a public-facing online portal
(presently Let's Talk Natural Resources and its French equivalent Parlons Ressources Naturelles).
The platform will be used as one of the many channels for engagement that the department undertakes across
various initiatives and topics with internal and external stakeholders",Natural Resources Canada,TRUE,Medium,"Although not indigenous-centered, the contract requires stakeholder consultation and engagement. It is quite a good fit."
"Onkwehonwehneha Program Development, Ontario Region","Onkwehonwehneha Program Development, Ontario Region

An advanced contract award notice (ACAN) is a public notice indicating to the supplier community that a department or agency intends to award a contract for goods, services or construction to a pre-identified supplier, thereby allowing other suppliers to signal their interest in bidding, by submitting a statement of capabilities. If no supplier submits a statement of capabilities that meets the requirements set out in the ACAN, on or before the closing date and time stated in the ACAN, the contracting officer may then proceed with the award to the pre-identified supplier.

1. Definition of the requirement:

The Correctional Service of Canada (CSC) has a requirement to support Indigenous offender reintegration through targeted interventions within the Indigenous Continuum of Care.

The work will involve the following:

1.1	Objectives:

Improve CSC’s ability to return Indigenous offenders to their home communities with Section 84 release plans through Reintegration Support in remote communities.

Increase CSC’s capacity to engage Indigenous communities in the Section 84 process, and identify and coordinate community resources for offenders.

1.2	 Tasks:

The Contractor must: 

Provide community education and information about Section 84 and Section 81 of the Corrections and Conditional Release Act (CCRA), and CSC’s Indigenous Continuum of Care and interventions.

Identify resources and community contracts that may be used by CSC personnel when preparing a release plan for an offender.

Work with communities and organizations to establish a process for CSC engagement on corrections.

Provide information that will assist CSC personnel to develop a Section 84 release plan. CSC personnel may include the Parole Officer or Indigenous Community Development Officer (as per CSC policy CD 712-1).

Work with CSC personnel, including but not limited to Indigenous Community Development Officers, Indigenous Community Liaison Officers, Indigenous Liaison Officers, and Parole Officers, as well as community contacts, to assist Indigenous offenders being released to their community(ies) or area. 

On mutual agreement, perform additional tasks as requested by the Project Authority.

1.3	 Expected results:

-	Increased culturally specific offender reintegration support;
-	Increase community awareness of Section 84 of the Corrections and Conditional Release Act (CCRA), and the interventions with the Indigenous Continuum of Care within CSC;
-	Identify and develop community resources such as housing, counselling, employment, education, and other resources that can be utilized to support offenders on a conditional release plan, under Section 84;
-	Community development activities as agreed to by the Project Authority and Contractor to advance offender reintegration.

1.4	 Performance standards:

The Contractor must provide services as requested for the duration of the contract. The Contractor must be available for client service delivery Monday through Friday during CSC’s core business hours from 7 am to 5 pm.

1.5	 Deliverables:

1.5.1	Prepare monthly reports on the following activities:

-	Contacts with CSC personnel
-	Community contacts, including names and contact information
-	An updated resource list, including, but not limited to, reintegration support services, such as addictions services, housing, Elder supports.
-	Collect and report on additional information upon request of the Project Authority.

Identify resources and community contacts that may be used by CSC personnel when preparing a release plan for an Indigenous offender. 

1.5.2	Paper consumption: 

a.	Should printed material be required, double sided printing in black and white format is the default unless otherwise specified by the Project Authority. 

b.	The Contractor must ensure printed material is on paper with a minimum recycled content of 30% and/or certified as originating from a sustainably managed forest. 

c.	The Contractor must recycle unneeded printed documents (in accordance with Security Requirements).

1.6 Constraints:

1.6.1	Location of work:

	a.	The Contractor must perform the work within the contractor’s Indigenous community and places of business.
		
b.	Travel

	i.	As part of the scope of work for this contract, the Regions will identify what travel is required within their Region. Any travel must be pre-authorized by the Project Authority and comply with the National Join Council Travel Directive.

1.6.2	Language of Work:

The contractor must perform all work in English.  

1.6.3 Security Requirements:

There are no security requirements associated to this contract.

2. Criteria for assessment of the statement of capabilities (minimum essential requirements):

Any interested supplier must demonstrate by way of a statement of capabilities that it meets the following requirements:

Experience: The Supplier must have at least 3 years experience, obtained within the last five years prior to the ACAN closing date, in Indigenous service delivery and providing Indigenous based support and social services to Indigenous community members.



3. Applicability of the trade agreement(s) to the procurement

This procurement is not subject to any trade agreement.

4. Set-aside under the Procurement Strategy for Indigenous Business

This procurement is set-aside for an Indigenous Supplier in accordance with the government Procurement Strategy for Indigenous Business (PSIB). Therefore, only suppliers who meet the definition of an Indigenous business, as defined in the PSIB, may submit a statement of capabilities.


5. Comprehensive Land Claims Agreement(s)

This procurement is not subject to a Comprehensive Land Claims Agreement.

6. Justification for the Pre-Identified Supplier

There is a limited number of suppliers available and willing to provide reintegration support consistent with Sections 81 and 84 of the CCRA to meet the reintegration needs of CSC indigenous offenders.

The pre-identified supplier meets all of the minimum essential requirements described in this ACAN.

7. Government Contracts Regulations Exception(s)

The following exception to the Government Contracts Regulations is invoked for this procurement under subsection: 

(d) only one person is capable of performing the contract.

8. Exclusions and/or Limited Tendering Reasons

This procurement is not subject to any trade agreement.

9. Ownership of Intellectual Property

There are no intellectual property terms in the contract.

10. Period of the proposed contract or the delivery date(s)

The proposed contract is for a period of one (1) year from April 8, 2024 – March 31, 2025 with an option to extend the contract for two (2) additional one (1) year periods.

11.Cost estimate of the proposed contract

The estimated value of the contract, including option(s), is $288,081.00 (GST/HST extra).

12. Name and address of the pre-identified supplier

Name: Mohawk Council of Akwesasne
Address: P.O. Box 90, 15 Akwesasne Street
			Akwesasne, Quebec
			H0M 1A0

13. Suppliers' right to submit a statement of capabilities

Suppliers who consider themselves fully qualified and available to provide the goods, services or construction services described in the ACAN, may submit a statement of capabilities in writing to the contact person identified in this notice on or before the closing date and time of this notice. The statement of capabilities must clearly demonstrate how the supplier meets the advertised requirements.

14. Closing date and time for a submission of a statement of capabilities

The closing date and time for accepting statements of capabilities is April 1, 2024 at 2:00 PM EST.

15. Inquiries and submission of statements of capabilities

Inquiries and statement of capabilities are to be directed to:

Danielle Murdoch, Regional Contract Administrator
Correctional Service Canada, Ontario Region
P.O Box 1174, 445 Union Street West
Kingston, Ontario
K7L 4Y8
Telephone: 343-422-4831
Facsimile: 613-536-4571
Email:  danielle.murdoch@csc-scc.gc.ca",Correctional Services Canada,TRUE,High,The required work is Indigenous-centered and really aligns with Indigenous Communities Engagement's (ICE) key differentiators. It also comprises some of ICE's core services: Indigenous facilitation and community capacity development.
One (1) Senior Project Manager,"The Department of National Defence (DND) seeks to engage one (1) Senior Project Manager to support ongoing Military Personnel Policy Management Modernization Initiative (PMMI) activities. The PMMI aims to implement a policy management system which provides a user-friendly platform which promotes independent, real-time search and retrieval of relevant and linked policies for a variety of military personnel policy users such as Canadian Armed Forces (CAF) members and their families, administrators, developers, management, and the public. The system will also facilitate automated workflows for policy development, query responses, and complaint resolution, while providing monitoring, evaluating and reporting functions to ensure timely policy updates that align with government initiatives and the evolving needs of CAF members and their families.",Military Personnel Command,TRUE,Low,"Project management is one of the services offered by Indigenous Communities Engagement (ICE), but this job is not related to Indigenous communities in anyway. Technically it could be performed by ICE, but it does  not seizes it's key differentiators."
Okanagan Chinook Life History Research,"NOTICE OF PROPOSED PROCUREMENT (NPP)
This bid solicitation cancels and supersedes previous bid solicitation number 30004719, dated September 22, 2023 with a closing of October 16, 2023 at 2:00 PM, ADT. A debriefing or feedback session will be provided upon request to bidders/offerors/suppliers who bid on the previous solicitation.

Solicitation #: 30004719/A

This requirement is for Fisheries and Oceans Canada

Title: Okanagan Chinook Life History Research

Objective:

The Department of Fisheries and Oceans Canada (DFO) Stock Assessment is seeking a qualified registered Indigenous Business for a PSIB Voluntary set-aside. The Contractor will answer two (2) research questions to help fulfill research needs and address scientific knowledge gaps required to effectively manage the Okanagan River Chinook population. To accomplish this the Contractor will provide:

? Field capacity. DFO does not have the capacity to provide field support in the Okanagan watershed and requires a contractor who can conduct and/or support field work in the area to address the research questions.
? Technical and analytical skills. The contractor will use their technical and analytical skills to ensure that the research questions are adequately addressed through appropriate analyses.
? Managerial support. Help to support the rebuilding of this stock by properly managing and coordinating the research done to address these knowledge gaps and find efficiencies through their contacts in the region.

Background:

Okanagan Chinook are the only remaining Columbia River Chinook Salmon population in Canada. Their abundance is very low, currently less than a couple hundred spawners, but their abundance was likely in the high thousands before the Canadian Okanagan and Columbia River were developed for Agriculture, Flood Control, and Hydro-power Generation, resulting in physical exclusion from spawning and rearing habitats. Fishing rates have also been high through history, with recent (2009-2018) exploitation rates around 60%. The population in the U.S. section of the Okanagan River has recently ranged from 7,000-14,000 spawners.

Scope of Work:

? Distribute funds and provide guidance to research:

a) Spatial and temporal habitat use by Chinook Salmon in the Canadian Okanagan Watershed
b) Predation on juvenile Chinook salmon by native and non-native fishes in the Canadian Okanagan Watershed

? Review research questions with DFO prior to finalization, as well as the research study design for feedback and iterative development.
? Provide field support and equipment in the Okanagan Watershed as required.

Security Requirement:
There is no security associated with this requirement.

Period of Contract:
The period of contract shall be from date of award to March 31, 2025.

Trade Agreements:
The requirement is not subject to Trade Agreements as it is a set-aside.

Contract Authority:
Name: Jackie Longmire
Phone Number: 506- 238-5870
Email Address: DFOtenders-soumissionsMPO@dfo-mpo.gc.ca / cc: Jackie.Longmire@dfo-mpo.gc.ca
Inquiries:
Inquiries regarding this RFP requirement must be submitted to the Contracting Authority named above. BIDDERS ARE ADVISED THAT “BUYANDSELL.GC.CA” IS NOT RESPONSIBLE FOR THE DISTRIBUTION OF SOLICITATION DOCUMENTS. The Crown retains the right to negotiate with any supplier on any procurement. Documents may be submitted in either official language.",Fisheries and Oceans Canada,TRUE,Medium,"Although not indigenous-centered, this procurement is set aside for Indigenous businesses, such as Indigenous Communities Engagement (ICE). the required work realtes to environmental monitoring, a core service of ICE. It is quite a good fit."
NPP – S5203516 - THS SA – One (1) Project Administrator. Temporary Help Services against the Supply Arrangement for the National Capital Region (NCR).,"Temporary Help Services Requirement
This requirement is for: Department of National Defense (DND)

This requirement is open only to those supply arrangement holders under EN578-172870 who qualified under the following streams and categories: 
Stream 1—Office support categories - 1.17 Project administrator

The following SA Holders have been invited to submit a proposal:
 
1402228 Ontario Inc.
Access Corporate Technologies Inc.
Adirondack Information Management Inc.
AZUR HUMAN RESOURCES LIMITED
KPPS Consulting Incorporated
Quarry Consulting Inc.
Spirit Personnel Inc.
T Marcus Williams
Thomas&Schmidt Inc.
Versatil BPI Inc.
Zernam Enterprise Inc
The Halifax Computer Consulting Group Inc.
Altis Recruitment & Technology Inc.
Newfound Recruiting
Messa Computing Inc.
MaxSys Staffing and Consulting Inc.
Adecco Employment Services Limited
Prologic Systems Limited
MDOS Consulting
Akkodis Canada Inc.
MGIS
SoftSim Technologies Inc.
Promaxis Systems Inc.

Description of the Requirement:
Department of National Defense (DND) has a requirement for Temporary Help Services and has issued a Request for Proposal to suppliers generated from CPSS who are qualified under the streams and categories listed above.

Level of Security Requirement:
Resource(s) Minimum Security Level Required is: Secret",Department of National Defense,TRUE,Low,"Project management is one of the services offered by Indigenous Communities Engagement (ICE), but this job is not related to Indigenous communities in anyway. Technically it could be performed by ICE, but it does  not seizes it's key differentiators."
M7594-231727 – Project Management Professional Services,"The RCMP IM/IT Program requires the professional services of both business and project management resources in order to support innovative, transformative and digitally-enabled services and projects",Department of Public Works and Government Services (PSPC),TRUE,Low,"Project management is one of the services offered by Indigenous Communities Engagement (ICE), but this job is not related to Indigenous communities in anyway. Technically it could be performed by ICE, but it does  not seizes it's key differentiators."
Logistical and coordination of services in support of the 2025 Nunavut Fishery Regulations Consultation Meeting for the Kitikmeot Region.,"ADVANCE CONTRACT AWARD NOTICE  (ACAN)


1. Advance Contract Award Notice (ACAN)

An ACAN is a public notice indicating to the supplier community that a department or agency intends to award a contract for goods, services or construction to a pre-identified supplier, thereby allowing other suppliers to signal their interest in bidding, by submitting a statement of capabilities. If no supplier submits a statement of capabilities that meets the requirements set out in the ACAN, on or before the closing date stated in the ACAN, the contracting officer may then proceed with the award to the pre-identified supplier. 

2. Title

Logistical and coordination of services in support of the 2025 Nunavut Fishery Regulations Consultation Meeting for the Kitikmeot Region.

3.  Definition of Requirements
	
The Department of Fisheries and Oceans Canada (DFO) has a requirement for a logistical and coordination of services in support of the 2024 Nunavut Fishery Regulations Consultation Meeting for the Kitikmeot Region.

By the proposed meeting date, the Contractor must provide logistical and planning services to accommodate travel for up to three (3) representatives from each community to attend the proposed meetings in Yellowknife, NWT on March 19th, 2025 and March 20th, 2025. DFO also requires the services of two (2) interpreters for the two (2) day meeting to interpret English and Inuktitut. As such, the Contractor will also organize and finance the costs of the interpreters for two (2) full days. 

The Contractor must:

•	Coordinate and arrange travel, consultation fees, accommodations, and per-diems for up to three (3) representations from each community in the Kitikmeot Region; and,
•	Coordinate and arrange travel, accommodations, and per-diems for two (2) interpreters.

If other potential suppliers submit a statement of capabilities during the 15 calendar days posting period that meet the requirements set out in the ACAN, DFO/CCG will proceed to a full-tendering process on whether the government's electronic tendering service or through traditional means, in order to award the Contract.

If no other supplier submits on or before the closing date, a statement of capabilities meeting the requirements set out in the ACAN, a Contract will be awarded to the pre-selected supplier.

4. Criteria for Assessment of the Statement of Capabilities (minimum essential requirements)

Any interested supplier must demonstrate by way of a statement of capabilities that it meets the following requirements:

-	Working with the Hunters and Trappers Organizations of the Kitikmeot Region in organizing travel logistics for a minimum of 5 years.
-	Working with the communities in the Kitikmeot Region in organizing travel logistics for a minimum of 5 years.
-	Established relationships through ongoing communication with the Hunters and Trappers Organization for a minimum of 5 years.
-	Experience in working with local translators.



5. Trade Agreements

The requirement is subject to the following Trade Agreements:

Canada-Chile Free Trade Agreement (CCFTA);
Canada-Colombia Free Trade Agreement (CCoFTA);
Canada-Panama Free Trade Agreement (CPaFTA);
Canada-Honduras Free Trade Agreement (CHFTA);
Canada-Korea Free Trade Agreement (CKFTA);
Canadian Free Trade Agreement (CFTA).

6. Security Requirements

This contract does not contain any security requirements.

7. Justification for the Pre-Identified Supplier

The pre-identified supplier is the only supplier that we are aware of who offers a product which meets all the Minimum Essential Requirements listed above.

8. Exception to the Government Contracts Regulations 

The following exception(s) to the Government Contracts Regulations is (are) invoked for this procurement under subsection 6(d) – “only one person is capable of performing the work.”

9. Comprehensive Land Claims Agreement (CLCA)

This requirement is applicable to a Comprehensive Land Claims Agreement (CLCA).

-	Nunavut Lands Claim Agreement (1993)

10. Contract Period

The Contract period will be from award to March 31, 2025 inclusive.

11. Estimated Cost

The estimated value of the Contract is $125,946.96 CAD (excluding applicable taxes). 

12. Name and Address of the Proposed Contractor

Kitikmeot Regional Wildlife Board (KRWB)
P.O. Box 309
Kugluktuk, Nunavut  K0B 0E0 

13. Suppliers’ right to submit a statement of capabilities

Suppliers who consider themselves fully qualified and available to provide the services/goods described herein, may submit a Statement of Capabilities in writing, by e-mail, to the contact person identified in this Notice on or before the closing date and time of this Notice. The Statement of Capabilities must clearly demonstrate how the supplier meets the advertised requirements.

14. Closing Date

The closing date for a submission of a Statement of Capabilities is February 22, 2025 at 2:00 p.m. EST.  

15. Requests for information and submission of statements of capabilities

Request for information and statements of capabilities must be sent before the date and time indicated in Article 13, to:

Contract Authority

Manon Paulin, Senior Contracting Officer
Procurement and Material Management 
Fisheries and Oceans Canada
Telephone :  438-468-3247
Email : Manon.Paulin@dfo-mpo.gc.ca","Fisheries and Oceans Canada, Canadian Coast Guard",TRUE,High,"The contract requires Indigenous facilitation for a indigenous communities engagement process, core services of Indigenous Communities Engagement (ICE). It is a perfect fit."
Kitsumkalum Chinook Salmon Project,"Advance Contract Award Notice (ACAN)

An ACAN is a public notice indicating to the supplier community that a department or agency intends to award a contract for goods, services or construction to a pre-identified supplier, thereby allowing other suppliers to signal their interest in bidding, by submitting a statement of capabilities. If no supplier submits a statement of capabilities that meets the requirements set out in the ACAN, on or before the closing date stated in the ACAN, the contracting officer may then proceed with the award to the pre-identified supplier.

Definition of the requirement

Fisheries and Oceans Canada requires a contractor to undertake the activities of project management, administration, Deep Creek Hatchery facility operations, maintenance, fish production, assessment, training and reporting within the scope of this project.",Fisheries and Oceans Canada,TRUE,Low,"Project management is one of the services offered by Indigenous Communities Engagement (ICE), but this job is not related to Indigenous communities in anyway. Technically it could be performed by ICE, but it does  not seizes it's key differentiators."
IT Project Managers for Various Canadian Coast Guard Projects,"This contract is for Level 3 Project Managers in the National Capital Region.The Canadian Coast Guard (CCG) and the Department of Fisheries and Oceans (DFO), are seeking the expert consulting services of up to eight Level 3 Project Manager resources to work closely and collaboratively with Integrated Technical Services (ITS) in CCG and the Chief Digital Officer (CDO) Sector in DFO to manage several ongoing projects through to completion as well as to start working on some upcoming projects (dates yet to be defined).The contract period is from the date of contract up to June 30, 2025 with an irrevocable option to extend it for up to two additional one-year periods.",Fisheries and Oceans Canada,TRUE,Low,"Project management is one of the services offered by Indigenous Communities Engagement (ICE), but this job is not related to Indigenous communities in anyway. Technically it could be performed by ICE, but it does  not seizes it's key differentiators."
Intermediate Project Administrator,"The Department of National Defence has a requirement for one (1) Intermediate Project Administrator to support Director Research Personnel Generation (DRPG), within Director General Military Personnel Research and Analysis, to administer a project in response to the Independent External Comprehensive Review and the Chief of Defence Staff /Deputy Minister Directive for Canadian Armed Forces Reconstitution concerning selection and assessment.",Department of National Defence,TRUE,Low,"Project management is one of the services offered by Indigenous Communities Engagement (ICE), but this job is not related to Indigenous communities in anyway. Technically it could be performed by ICE, but it does  not seizes it's key differentiators."
Innovation for Defence Excellence and Security (IDEaS) Program – Competitive Projects – CFP 5 (W7714-227982A),IDEaS CFP 005,Department of Public Works and Government Services (PSPC),FALSE,,Can't even make a decision on this due to lack of information.
Information Technology Staff Augmentation and Project Delivery Services,"The Canada Deposit Insurance Corporation (“CDIC”) has established a qualified pool of Suppliers to provide Information Technology (“IT”) Staff Augmentation Services and IT Project Delivery Services for any one or both of the following two (2) Service Streams: 

Service Stream #1:  Staff Augmentation Services
Service Stream #2:  Project Delivery Services 

on an as and when required basis, for a three-year term.",Canada Deposit Insurance Corporation ,TRUE,Low,"Project management is one of the services offered by Indigenous Communities Engagement (ICE), but this job is not related to Indigenous communities in anyway. Technically it could be performed by ICE, but it does  not seizes it's key differentiators."
Indigenous Technical Writer for Review Panels,"1.0	ADVANCE CONTRACT AWARD NOTICE (ACAN) # HICC-2025/26-PS5940

An ACAN is a public notice indicating to the supplier community that a department or agency intends to award a contract for goods, services or construction to a pre-identified supplier, thereby allowing other suppliers to signal their interest in bidding, by submitting a statement of capabilities. 

If no supplier submits a statement of capabilities that meets the requirements set out in the ACAN, on or before the closing date stated in the ACAN, the contracting officer may then proceed with the award to the pre-identified supplier.

2.0	DEFINITION OF THE REQUIREMENT

2.1 Title: 
Indigenous Technical Writer for Review Panels

2.2 Objective: 
The Policy and Results Branch at Housing, Infrastructure and Communities Canada (the “Client”) is seeking a Firm (the “Firm”) to provide specialized human rights technical writing services to review panels established by the National Housing Council.  
This includes: thematic analysis of written submissions and reports; documenting oral hearings; summaries of emerging themes for internal use; an interim report summarizing what was learned through oral and written hearings; a final report and recommendations; and communications materials to support dissemination. 
 
2.3 Background:  
Canada’s Parliament passed the National Housing Strategy Act in 2019. It recognizes housing as a human right and commits the federal government to help make this a reality. The Act established the National Housing Council, Review Panels, and the Federal Housing Advocate.
The National Housing Council is an advisory body to the Minister of Housing, Infrastructure and Communities. It was launched on November 22, 2020, when its first members were appointed. Its purpose is to further the housing policy of the Government of Canada and the National Housing Strategy. The Council helps promote participation and inclusion in the development of housing policy by engaging with communities.
Review Panels are a unique, made-in-Canada participatory human rights accountability mechanism. At the request of the Federal Housing Advocate, the National Housing Council appoints three members to a Review Panel to examine a systemic housing issue and provide a report to the federal Minister responsible for housing, setting out their opinions on the issue and their recommendations for measures to address it. Review Panels must conduct a hearing that enables participation by the public, especially members of communities directly affected by the issue, and experts in human rights and housing.
The current review panel, Neha, is examining the right to safe, adequate and affordable housing for women, Two Spirit, Trans, and gender-diverse people, and the government's duty to uphold this right. The Neha review panel is an Indigenous-led process. Neha is a Kanien'kéha-Mohawk word meaning ""our ways"". It describes a way of life that is open, peaceful, supportive and healing. Neha is conducting written and oral dialogues between November and July 2025. Evidence gathered during the hearing will inform an interim What Was Learned report, and the final review panel report and recommendations to be provided to the Minister in late 2025.
Neha will conduct written and oral dialogues to gather evidence on this issue from a wide range of stakeholders, including researchers, civil society organizations, service providers, and persons with lived experience of inadequate housing and homelessness. Dialogue participants will share information on highly sensitive topics including gender-based violence, child apprehension, and the crisis of missing and murdered Indigenous women and girls. Project personnel require a high degree of sensitivity, knowledge, and lived expertise related to the issues of focus, and familiarity with communities directly affected.
The Client requires an Indigenous technical writer possessing the following qualifications: 
-	Direct knowledge and experience of Indigenous engagement protocols, and demonstrated prior experience documenting, and preparing reports for, Indigenous-led engagement processes;
-	Subject matter expertise in relevant areas such as the human right to safe, adequate, and affordable housing; gender-based analysis plus (GBA plus); Indigenous rights; and government policies and programs relating to housing and homelessness; 
-	Demonstrated ability to understand and communicate complex concepts relating to human rights, Indigenous rights, and intersectional gender equity in relation to housing and homelessness; housing conditions of Indigenous peoples and disadvantaged groups; and policies and programs related to housing and homelessness in Canada; 
-	Extensive prior experience documenting in-person and virtual engagements with a wide range of stakeholders including senior officials at all levels of government; civil society organizations, national Indigenous organizations and Indigenous-led organizations; persons with lived experience of homelessness and inadequate housing, and members of disadvantaged groups;
-	Extensive prior experience preparing reports that draw upon diverse forms of expertise including lived experience, and presenting findings in a manner that is true to the experience of Indigenous people, disadvantaged groups, and people experiencing homelessness and inadequate housing;
-	Strong interpersonal communication and collaboration skills; 
-	Demonstrated ability to succinctly and persuasively present information and recommendations relating to governments’ programs, policies, and human rights obligations;
-	Understanding of information privacy policies, and access to required IT for the secure collection, storage, use and disposal of personal information.
-	Proven ability to write plain-language reports for a non-academic audience.
2.4 Tasks and deliverables: 
Deliverable dates are tentative and may be subject to change. Any changes to deliverable dates will require mutual consent of Client and Firm.
The Client will be responsible to return comments within 10 business days of receiving drafts for comments, and within 5 business days of receiving revised drafts for review.
Deliverable 1: Neha oral dialogue thematic summaries, June to August 2025
Using de-identified raw notes from in-person oral dialogues, and published recordings of virtual dialogues, produce brief periodic summaries of key themes, learnings, and solutions from the oral dialogues, for internal use by Neha and the NHC secretariat.
-	Three periodic summaries, based on dates of oral dialogues 
Deliverable 2: Neha written dialogue overview, July 2025
Using de-identified text of written submissions, reports and report summaries, and preliminary analysis provided by NHC Secretariat, produce a brief overview (",Office of Infrastructure of Canada (INFC),TRUE,High,"This contract requires indigenous engagement and indigenous faclitation work, two of the core services of Indigenous Communities Engagement (ICE). It is a perfect fit."
Indigenous Technical Working Group Meeting on Flood Mapping (Organization and Facilitation),"Description of Work:

Natural Resources Canada (NRCan) has been leading the development of the Federal Flood Mapping Guidelines Series. In order to ensure that the unique perspectives and knowledge of Indigenous Peoples is reflected in the Guidelines, and to gain insight on the specific impacts that flooding has on Indigenous communities (access to traditional territory, the ability to practice traditional activities, access to foods and medicines, exercising treaty rights, etc.), an Indigenous consulting firm, Innovation 7, was contracted to organize an Indigenous Engagement Session on flood mapping on behalf of NRCan. The one-day session took place in Ottawa on March 6, 2019 and included representatives from Indigenous communities located across the country. 

Feedback from the engagement session on March 6, 2019 highlighted that the Indigenous communities have a strong cultural relationship with the environment that surrounds them and are tremendously concerned about what the future has in store for their way of life. Traditional methods of weather detection, hunting, gathering, fishing, and trapping are all in jeopardy if climate change continues at this rapid pace and/or their community were to experience a flood. However, Indigenous peoples believe in both their traditional methods and modern science concerning flood mapping. They believe that the two are intertwined and complementary, as part of a ‘two-eyed seeing’ approach. Communities want to be a part of the solution moving forward. 

To address the unique perspectives and specific issues for Indigenous communities related to flood mapping and flood risk reduction, an Indigenous Technical Working Group on Flood Mapping (WG) was created.

Objectives:

•	Reach out to Canadian Indigenous land planning organizations to expand the ITWGFM membership 
•	Coordinate with NRCan/RNCan and communicate with ITWGFM members
•	Organize ITWFGM members travel to meeting 
•	Organize ITWFGM members accommodations for the duration of the meeting
•	Work with NRCan/RNCan to develop an agenda 
•	Coordinate with conference venue to ensure all required technology is available
•	Facilitate the meeting
•	Provide conference minutes and distribute to workgroup members when approved",Natural Resources Canada,TRUE,High,"This requires indigenous communities engagement work related to flood mapping (an important land use planning input)and indigenous facilitation, some of the core services of Indigenous Communities Engagement (ICE). It is a perfect fit."
Indigenous services cultural support,"Canada is seeking offers from Offerors to provide the services of an Indigenous organization experienced in identifying and facilitating the delivery of services by Indigenous Elders and Knowledge Keepers (E/KK), to better support the timely and effective delivery of Indigenous cultural support across Canada to the Public Health Agency of Canada.",Public Health Agency of Canada (PHAC),TRUE,High,"It specifically requires Indigenous facilitation, one of the core services of Indigenous Communities Engagement (ICE). It is a perfect fit."
Indigenous Research Advisory Circle,"An advanced contract award notice (ACAN) is a public notice indicating to the supplier community that a department or agency intends to award a contract for goods, services or construction to a pre-identified supplier, thereby allowing other suppliers to signal their interest in bidding, by submitting a statement of capabilities. If no supplier submits a statement of capabilities that meets the requirements set out in the ACAN, on or before the closing date and time stated in the ACAN, the contracting officer may then proceed with the award to the pre-identified supplier.

1. Definition of the requirement:

The Correctional Service Canada (CSC) has a requirement to establish an Indigenous Research Advisory Circle (referred to hereon in as the “Advisory Circle”) to advance CSC’s reconciliation efforts within the context of applied correctional research. The Advisory Circle will provide advice and recommendations to CSC’s Research Branch (RB) in the development and advancement of research areas involving Indigenous peoples. The Advisory Circle will be composed of members from the following groups: 

•	Indigenous Elders;
•	Indigenous researchers, scholars, or academics (including post-secondary institutions and Indigenous not-for-profit organizations with a research mandate) in the criminal justice or social service fields, or both; 
•	Indigenous practitioners/front line workers (e.g. social workers, community healers, program facilitators, etc.) working in a community-based social service setting, ideally with clients involved in the justice system; 
•	Indigenous leaders from the community; 
•	A community representative from CSC’s National Indigenous Advisory Committee. 
The Advisory Circle includes different regional representation and First Nations, Métis, and Inuit individuals to help ensure a broad and inclusive perspective reflective of the unique rights, interests, priorities, and circumstances of Indigenous peoples in Canada.

1.1	 Objectives:

To participate in the Advisory Circle to ensure that Indigenous perspectives, knowledge, research methodologies, teachings, values, oral traditions, and worldviews are respected and integrated in research involving federally sentenced Indigenous peoples. To provide guidance and advice relating to: 

1.	Establishing standards and guiding principles for the conduct of research that is respectful and responsive to Indigenous knowledge, perspectives, and worldviews. This can include but is not limited to:
a.	Identifying and defining ethical considerations in CSC research and activities as they relate to federally incarcerated Indigenous peoples, or Indigenous employees, or both.
b.	Developing culturally sensitive research practices, including protocol, ceremony and knowledge sharing considerations when engaging Indigenous peoples in research activities.
2.	Establishing and maintaining meaningful research partnerships and collaborations with Indigenous scholars, academics, and communities.
3.	Identifying and recommending opportunities to strengthen RB employees’ understanding, awareness and integration of Indigenous perspectives, knowledge, and values to their work.
1.2 Tasks:

The tasks the contractor (Advisory Circle member) must perform for RB include, but are not limited to, the following: 

1.2.1. 	Attend and participate in one in-person annual meeting as well as virtual meetings scheduled 
throughout the term of the contract to provide advice on various research topics related to the objectives of the Advisory Circle. 

1.2.2 	Provide advice and information to CSC RB staff and management on issues relating to Indigenous spirituality and cultural practices in the context of research.

1.2.3 	Introduce RB staff and research stakeholders to various elements of traditional spirituality as deemed appropriate by members based on their teachings, experience, and educational background. 

1.2.4 	Provide advice, guidance, and recommendations on RB initiatives, projects, methodologies, and issues of Indigenous spirituality, ceremonies, cultural practices and protocols and other considerations relating to research involving Indigenous peoples serving a federal sentence. 

1.2.5 	Review and provide oral or written feedback on draft documents and key materials related to research involving federally sentenced Indigenous peoples. 

1.2.6 	Provide guidance and recommendations on the development of standards of practice, ethical guidelines, protocols, and learning and development curriculum that would support and ensure consistency in the integration of Indigenous knowledge and perspectives across various research initiatives. 

1.3 Expected results:

To advance CSC’s reconciliation efforts within the context of applied correctional research. 

To provide advice and recommendations to CSC’s Research Branch (RB) in the development and advancement of research areas involving Indigenous peoples. 

1.4 Performance standards:

The following CSC laws, guidelines and policies apply to the work:

Corrections and Conditional Release Act (CCRA), sections 3, 4, 5 and 88
Corrections and Conditional Release Regulations (CCRR), section 115
Privacy Act, paragraph 8(2)(j)
Copyright Act
Access to Information Act, sections 18, 21 and 22
Commissioner’s Directive 009 – Research

1.5	 Deliverables: The contractor (Circle Advisory member) must: 

1.5.1	Provide feedback and guidance during the annual Advisory Circle meeting as well as during virtual meetings.
1.5.2	Contribute 10 -15 hours of review and consulting outside of the three annual meetings (1 in-person meeting and 2 virtual meetings annually). 
1.5.3	Submit oral or written summaries, or both of comments on draft documents and key materials as agreed upon with project authorities.

1.5.4	Paper consumption: 

a.	Should printed material be required, double sided printing in black and white format is the default unless otherwise specified by the Project Authority. 

b.	The Contractor must ensure printed material is on paper with a minimum recycled content of 30% and/or certified as originating from a sustainably managed forest. 

c.	The Contractor must recycle unneeded printed documents (in accordance with Security Requirements).

1.6 Constraints:

1.6.1	Location of work:

a.	The work must be performed at the contractor (Advisory Circle member’s) place of business.

		b.	Travel

The Advisory Circle member must attend and participate in one in-person meeting per year located in one of CSC’s Regions across Canada. 

1.6.2	Language of Work:

The contractor (Advisory Circle Member) must perform all work in the official language of their choice.

1.6.3 Security Requirements:

There are no security requirements associated to this contract.

2. Criteria for assessment of the statement of capabilities (minimum essential requirements):

Any interested supplier must demonstrate by way of a statement of capabilities that it meets the following requirements:

1.	   The supplier must belong to at least one of the following groups: 

•	Indigenous* Elders or Spiritual Advisors; 
•	Indigenous researchers, scholars, or academics (including post-secondary institutions and Indigenous not-for-profit organizations with a research mandate) in the criminal justice, social service, or Indigenous studies fields. 
•	Indigenous practitioners working in a community-based social service setting with clients involved in the criminal system; 
•	Indigenous leaders from the community with interest in reintegration programs, or services, or initiatives; 
•	 A community representative from CSC’s National Indigenous Advisory Committee. 

* The term ‘Indigenous’ refers to individuals identifying themselves as ‘First Nations people, Métis or Inuit’. The supplier must submit a letter demonstrating they belong to one of the above groups. .

2.			   The supplier must have the following: 

1)	A minimum of one year of experience within the last 5 years prior to the ACAN closing date in Indigenous research ethics, methodologies, approaches, or practices, or any combination of the four; and 

2)	A minimum of one year of experience within the last 5 years prior to the ACAN closing date in at least one of the following areas: 
•	Working with individuals involved in the criminal justice system or vulnerable populations, or both.
•	Collaborating and building partnerships with diverse stakeholders including government departments, community service providers, community members. 
•	Sharing Indigenous knowledge, values, and teachings to support and inform research practices, policy, programs, or services, or any combination of the four. 

3. Applicability of the trade agreement(s) to the procurement

This procurement is not subject to any trade agreement.

4. Set-aside under the Procurement Strategy for Indigenous Business

This procurement is set-aside for an Indigenous Supplier in accordance with the government Procurement Strategy for Indigenous Business (PSIB). Therefore, only suppliers who meet the definition of an Indigenous business, as defined in the PSIB, may submit a statement of capabilities.

This restriction does not apply to contracts with individuals who are Elders.

5. Comprehensive Land Claims Agreement(s)

This procurement is not subject to a Comprehensive Land Claims Agreement.

6. Justification for the Pre-Identified Supplier

There is a limited number of suppliers who are qualified and available to provide advice and recommendations from an Indigenous of perspective to advance CSC’s reconciliation efforts within the context of applied correctional research. 

The proposed Contractors are Indigenous professionals who are recognized as a credible and knowledgeable representative by Indigenous communities.

The suppliers are the only Indigenous Professionals, that expressed interest and allowed CSC to achieve the geographical representation as well as representation across Indigenous groups needed to ensure the Indigenous Research Advisory Circle would provide a broad and inclusive perspective reflective of the unique rights, interests, priorities, and circumstances of Indigenous peoples in Canada. 

The pre-identified suppliers meet all of the minimum essential requirements described in this ACAN.

7. Government Contracts Regulations Exception(s)

The following exception to the Government Contracts Regulations is invoked for this procurement under subsection: 

 (d) only one person is capable of performing the contract.

8. Exclusions and/or Limited Tendering Reasons

This procurement is not subject to any trade agreement.

9. Ownership of Intellectual Property

There are no intellectual property terms in the contract.

10. Period of the proposed contract or delivery date

The proposed contract is for a period of 1 year with an option to extend the contract for four (4) additional one-year periods.

11. Cost estimate of the proposed contract

The estimated value of the contracts, including option(s), is $50,000.00 (taxes inclusive).


12. Name and address of the pre-identified supplier

Name: Raymond Gros-Louis
Address: contractor’s place of business

Name: Jennifer Leason
Address: contractor’s place of business

Name: Giselle Dias
Address: contractor’s place of business

Name: Kathy Absolon
Address: contractor’s place of business

Name: Bryan Deer
Address: contractor’s place of business

Name: Kristen Tyrer
Address: contractor’s place of business

Name: Justin Tetrault
Address: contractor’s place of business

Name: David Varis
Address: contractor’s place of business

Name: Lilian George
Address: contractor’s place of business

13. Suppliers' right to submit a statement of capabilities

Suppliers who consider themselves fully qualified and available to provide the goods, services or construction services described in the ACAN, may submit a statement of capabilities in writing to the contact person identified in this notice on or before the closing date and time of this notice. The statement of capabilities must clearly demonstrate how the supplier meets the advertised requirements.

14. Closing date and time for a submission of a statement of capabilities

The closing date and time for accepting statements of capabilities is February 20, 2025 at 2:00 PM EST.

15. Inquiries and submission of statements of capabilities

Inquiries and statement of capabilities are to be directed to:

Nassima Aliouat
Senior Contracting Officer. 
340 Laurier Ave West
Ottawa ON 
Telephone: 343-540-8957
E-mail: bidsubmissions.GEN-NHQContracting@CSC-SCC.GC.CA",Correctional Service of Canada (CSC),TRUE,High,"This requires indigenous reconciliation, indigenous related research, and indigenous facilitation, all core services of Indigenous Communities Engagement (ICE). It is a perfect fit."
Indigenous Programs and Services,Improve CSC’s ability to return Indigenous offenders to their home communities with Section 84 release plans through contracts for Reintegration Support in remote communities.,Correctional Service of Canada,TRUE,High,The required work is Indigenous-centered and really aligns with Indigenous Communities Engagement's (ICE) key differentiators. It also comprises some of ICE's core services: Indigenous facilitation.
"Indigenous knowledge consultation, translation and user training","To develop a citizen science portal for sharing PM2.5 exposure data related to biomass smoke from wildfires and wood combustion for home heating, as well as other environmental and social data, in Indigenous, rural and remote communities lacking routine monitoring. The primary aim is to leverage these data to support community level adoption of effective interventions to mitigate health impacts of smoke from wildfires and wood heating.",Health Canada,TRUE,High,"The work requires data collection form Indigenous communities, one of the core services of Indigenous Communities Engagement (ICE) and it seizes it's key differentiators."
Indigenous Inuit interpreter,"1. Definition of the requirement:

Culturally appropriate interventions are the role and responsibility of the Indigenous Initiatives Directorate of the Correctional Services of Canada (CSC) that has a mandate to create partnerships and strategies that enhance the safe and timely reintegration of Indigenous offenders into the community. CSC works with Indigenous communities both rural and urban, throughout the country to increase the role that communities play in the reintegration process.
The work will involve the following:

1.1	Objectives:

The term ""Interpreter"" means a person that is responsible for listening to, understanding, and interpret spoken or written statements from one language (Inuktitut) to another (French or English). Reproduce statements in another language for unique listening or reading audience.

1.2 Tasks:

The Contractor must:

•	Provide in person Inuktitut to English/French interpretation services as required. (For Parole officers, Indigenous Community Development Officers Indigenous Liaison Officers, CSC Security staff and CSC Health services) 
•	Provide in person Inuktitut English/French interpretation services when required for National Parole Board Hearings,
•	Provide virtual interpretation services to all CSC facilities in Quebec that have Inuit offenders.

1.2	 Expected results:

The Contractor must provide interpretation services required to remove barriers to communication between the Case Management Team, health professionals, security personnel and Inuit offenders.",Correctional Service Canada,TRUE,Medium,"Although, indigenous-centered, the work requires interpretation services, which is not one of Indigenous Communities Engagement (ICE) core services. Although it could be considered under Indigenous Facilitation."
Indigenous Engagement and Advice Services – Pacific Region,For the provision of Indigenous Engagement and Advice Services for the Canadian Energy Regulator (CER).,Canada Energy Regulator,TRUE,High,"It explicity requires the provision of Indigenous Engagement Services, one of the core services on Indigenous Communities Engagement (ICE). A perfect fit."
Indigenous Cultural Reintegration Support Services,"Deliver Cultural Reintegration Support Services to Indigenous offenders residing at the Lavers House Community Residential Facility (CRF) and Indigenous offenders on parole in the greater Truro, Nova Scotia area.",Correctional Service Canada,TRUE,High,"It requires Indigenous facilitation, one of the core services on Indigenous Communities Engagement (ICE). A perfect fit."
Indigenous Cultural Reintegration Support Services,"An advanced contract award notice (ACAN) is a public notice indicating to the supplier community that a department or agency intends to award a contract for goods, services or construction to a pre-identified supplier, thereby allowing other suppliers to signal their interest in bidding, by submitting a statement of capabilities. If no supplier submits a statement of capabilities that meets the requirements set out in the ACAN, on or before the closing date and time stated in the ACAN, the contracting officer may then proceed with the award to the pre-identified supplier.

1. Definition of the requirement:

The Correctional Service Canada has a requirement to deliver Cultural Reintegration Support Services to Indigenous offenders residing at the Parrtown Community Correctional Centre (CCC), Hart House Community Residential Facility (CRF), Carleton Center Community Residential Facility for Women in the Saint John area and Island View Community Based Residential Facility (CBRF) in Fredericton, New Brunswick.

The work will involve the following:

1.1 Objectives:

To provide traditional teachings, ceremonies, spirituality and guidance to all Indigenous offenders who reside at the Parrtown CCC, Hart House CRF, Carleton Center Community Residential Facility for Women in the Saint John, NB area and Island View CBRF in Fredericton, New Brunswick.

1.2 Tasks:

The Contractor must deliver sessions on traditional teachings, ceremonies, spirituality and guidance to the Indigenous offenders on parole in the Saint John and Fredericton, NB areas, which includes the following:

•	Visiting the Saint John, NB area CCC and CBRFs 1.5 days every second week.
•	Providing telephone counselling and video conferencing to offenders in the Saint John area.
•	Visiting the Island View CBRF 2.5 days per week.
•	Transporting offenders to ceremonies in St. Mary’s First Nation.
•	Providing one-on-one counseling to offenders on parole in the Saint John and Fredericton areas.

This will allow offenders to continue to gain a deeper understanding of their cultural values, beliefs and connection with traditional ceremonies.

1.3 Expected results:

The Contractor must provide 1,014 hours/year of traditional teachings, ceremonies, spirituality and guidance to Indigenous offenders on parole in the Saint John and Fredericton, NB areas.

1.4 Deliverables:

1.4.1 The Contractor must provide written details of all the services delivered with each invoice.

1.4.2	Paper consumption: 

a.	Should printed material be required, double sided printing in black and white format is the default unless otherwise specified by the Project Authority. 

b.	The Contractor must ensure printed material is on paper with a minimum recycled content of 30% and/or certified as originating from a sustainably managed forest. 

c.	The Contractor must recycle unneeded printed documents (in accordance with Security Requirements).

1.5 Constraints:

1.5.1	Location of work:

a.	The contractor must perform the work at:

Parrtown CCC/Parole Office
23 Carleton Street
Saint John, New Brunswick   
E2L 2Z2

Hart House Community Residential Facility
120 Carleton Street
Saint John, New Brunswick
E2L 2Z7

Carleton Centre Community Residential Facility (for Women)
148 Waterloo Street
Saint John, New Brunswick
E2L 3R1

Island View House Community Based Residential Facility
65 Brunswick Street
Fredericton, New Brunswick
E3B 1G5

b.	Travel

	i.	No travel is anticipated for performance of the work under this contract.

1.5.2	Language of Work:

The Contractor must perform all work in English.

1.5.3 Institutional Access Requirements

Contractor personnel will be escorted at all times by Correctional Service Canada personnel or those authorized by CSC on its behalf.  Contractor personnel must adhere to institutional requirements for the conduct of searches by Correctional Service Canada prior to admittance to the institution/site. Correctional Service Canada reserves the right to deny access to any institution/site or part thereof by any Contractor personnel, at any time.

2. Criteria for assessment of the statement of capabilities (minimum essential requirements):

Any interested supplier must demonstrate by way of a statement of capabilities that it meets the following requirements:

The supplier must be recognized by their community as an Elder/Cultural Advisor within that community.

Experience:

The supplier must have a minimum of five (5) years of experience obtained in the past 10 years prior to the ACAN closing date in delivering spiritual and cultural services and teachings to Indigenous people. 
This experience must include:

? providing counselling and guidance according to the traditions and teachings of their own community; and

? being familiar with and able to conduct a variety of ceremonies with a focus on healing according to their own teachings.

The supplier must be familiar with and able to provide guidance to staff and offenders regarding the protocols surrounding the use, disposition, and searching of traditional medicines and spiritual effects.

The supplier must meet with a circle of Elders already under contract with CSC where they will be able to share their experiences and where the Elders will be able to determine the validity of the statement of capabilities.

CSC reserves the right, at its own discretion, to request that supplier provide a reference letter and/or resume, in addition to their statement of capabilities, to support the knowledge and experience claimed.

3. Applicability of the trade agreement(s) to the procurement

This procurement is not subject to any trade agreement.

4. Set-aside under the Procurement Strategy for Indigenous Business

This procurement is set-aside for an Indigenous Supplier in accordance with the government Procurement Strategy for Indigenous Business (PSIB). Therefore, only suppliers who meet the definition of an Indigenous business, as defined in the PSIB, may submit a statement of capabilities. This restriction does not apply to contracts with individuals who are Elders.

5. Comprehensive Land Claims Agreement(s)

This procurement is not subject to a Comprehensive Land Claims Agreement.

6. Justification for the Pre-Identified Supplier

There is a limited number of suppliers available to provide cultural reintegration support services to meet the reintegration needs of CSC Indigenous offenders on parole.

The pre-identified supplier meets all of the minimum essential requirements described in this ACAN.

7. Government Contracts Regulations Exception(s)

The following exception to the Government Contracts Regulations is invoked for this procurement under subsection: 

(d) only one person is capable of performing the contract.

8. Exclusions and/or Limited Tendering Reasons

The following exclusion(s) and/or limited tendering reasons are invoked under the section of the trade agreement(s) specified: 

This procurement is not subject to any trade agreement.

9. Ownership of Intellectual Property

There are no intellectual property terms in the contract.

10. Period of the proposed contract or delivery date

The proposed contract is from date awarded to March 31, 2024, with an option to extend the contract for two (2) additional 1-year periods.

11. Cost estimate of the proposed contract

The estimated value of the contract, including option(s), is $141,970.14 (GST/HST extra).

12. Name and address of the pre-identified supplier

Name:	Christopher Brooks
Address: Contractor’s place of business

13. Suppliers' right to submit a statement of capabilities

Suppliers who consider themselves fully qualified and available to provide the goods, services or construction services described in the ACAN, may submit a statement of capabilities in writing to the contact person identified in this notice on or before the closing date and time of this notice. The statement of capabilities must clearly demonstrate how the supplier meets the advertised requirements.

14. Closing date and time for a submission of a statement of capabilities

The closing date and time for accepting statements of capabilities is May 29, 2023 at 2:00 PM ADT.

15. Inquiries and submission of statements of capabilities

Inquiries and statement of capabilities are to be directed to:

Claudia Landry, Regional Contract Officer
1045 Main Street, 2nd Floor
Moncton, NB   E1C 1H1
Telephone: 506-378-8722
Facsimile: 506851-6327
E-mail: claudia.landry@csc-scc.gc.ca",Correctional Service Canada,TRUE,High,"It requires Indigenous facilitation and capacity building, two of the core services on Indigenous Communities Engagement (ICE). A perfect fit."
Indigenous Cultural Knowledge Keeper Services,"21301-25-4808935 - Indigenous Cultural Knowledge Keeper Services

An advanced contract award notice (ACAN) is a public notice indicating to the supplier community that a department or agency intends to award a contract for goods, services or construction to a pre-identified supplier, thereby allowing other suppliers to signal their interest in bidding, by submitting a statement of capabilities. If no supplier submits a statement of capabilities that meets the requirements set out in the ACAN, on or before the closing date and time stated in the ACAN, the contracting officer may then proceed with the award to the pre-identified supplier.

1. Definition of the requirement:

The Correctional Service Canada has a requirement to providing programs and opportunities to meet the needs of Indigenous offenders.  CSC is legislated to provide Indigenous offenders with the opportunity to further develop their understanding of traditional Indigenous culture and beliefs while allowing others to practice their beliefs and values systems. 

The work will involve the following:

1.1	Objectives:

The contractor will provide Indigenous spiritual and cultural services to assist and provide guidance to the Indigenous offenders on their healing journey by allowing them to have a better understanding of the traditional culture through teaching and ceremonies.

The contractor is involved in ensuring that Indigenous spiritual practices are adapted to Indigenous offenders through their teachings. These practices help them in their traditional healing journey, to develop a better understanding of the traditional Indigenous culture through teachings, spiritual guidance and ceremonies. In addition, it uses traditional ceremonies and practices that have been entrusted to him to promote the healing of offenders.


1.2 Tasks:

The Contractor must: 

•	Provide (in-group or individual) teachings and ceremonial services to Indigenous offenders. 
•	Provide spiritual guidance and teachings through group sessions (circles) and individual discussions to offenders in the institution.
•	Conduct spiritual services and various traditional ceremonies based on Cultural Knowledge Keeper teachings. 
•	Provide verbally to the Indigenous Liaison officer, as requested, information regarding the offender's participation in ceremonies as part of the offender’s progress report.  This includes progress on an offender’s participation in cultural and spiritual activities as appropriate.
•   Provide teaching on the traditional indigenous protocols to the indigenous Liaison Officer, Parole Officer and offenders.

1.3	Expected results:

      Provide ceremonies for indigenous offenders and spiritual and cultural services.

1.4	 Performance standards:

The Contractor must provide, if needed, a brief account of the ceremony to the Indigenous liaison officer for the parole officer.

1.5 Deliverables:

1.5.1	    The contractor must deliver for both Federal Training Center (FTC) Medium and Minimum sites:
•	Indigenous Healing Circles. 
•	Sweat lodge ceremonies. 
•	Change of Season ceremonies
•	Ceremonies in recognition of Indigenous day and Truth and Reconciliation.

1.5.2	Paper consumption: 

a.	Should printed material be required, double sided printing in black and white format is the default unless otherwise specified by the Project Authority. 

b.	The Contractor must ensure printed material is on paper with a minimum recycled content of 30% and/or certified as originating from a sustainably managed forest. 

c.	The Contractor must recycle unneeded printed documents (in accordance with Security Requirements).

1.6 Constraints:

1.6.1	Location of work:

a.	The Contractor must perform the work at 

Federal Training Center
CFF-6099 Blvd. Lévesque E. Laval QC, H7C 1P1
CFF-600 montée Saint-François Laval QC H7C 1S5


		b.	Travel

			ii.	No travel is anticipated for performance of the work under this contract.

1.6.2	Language of Work:

The contractor must perform all work in English and French.

1.6.3 Security Requirements:

There are no security requirements associated to this contract.


2. Criteria for assessment of the statement of capabilities (minimum essential requirements):
		
Any interested supplier must demonstrate by way of a statement of capabilities that it meets the following requirements:

The supplier must have a minimum of five (5) years of experience obtained in the past 10 years prior to the ACAN closing date in delivering spiritual and cultural services and teachings to Indigenous people. 

This experience must include:

? Providing orientation services according to the traditions and teachings of their own community; and

? Being familiar with and able to conduct a variety of ceremonies with a focus on healing according to their own teachings.

?Providing teachings on traditional Indigenous protocols to the Indigenous liaison officer, parole officer and offenders.
?The supplier must meet with the CSC Indigenous Initiatives team and Regional Administrator, where they can share their experiences and establish the validity of the statement of capabilities.

CSC reserves the right, at its own discretion, to request that suppliers provide a reference letter and/or resume, in addition to their statement of capabilities, to support the knowledge and experience claimed.

3. Applicability of the trade agreement(s) to the procurement

This procurement is not subject to any trade agreement.

4. Set-aside under the Procurement Strategy for Indigenous Business

This procurement is set-aside for an Indigenous Supplier in accordance with the government Procurement Strategy for Indigenous Business (PSIB). Therefore, only suppliers who meet the definition of an Indigenous business, as defined in the PSIB, may submit a statement of capabilities.

5. Comprehensive Land Claims Agreement(s)

This procurement is not subject to a Comprehensive Land Claims Agreement.

6. Justification for the Pre-Identified Supplier

There is a limited number of suppliers who are able to provide Indigenous spiritual and cultural services that can meet the reintegration needs of CSC Indigenous offenders.

7. Government Contracts Regulations Exception(s)

The following exception to the Government Contracts Regulations is invoked for this procurement under subsection

 (d) only one person is capable of performing the contract.

8. Exclusions and/or Limited Tendering Reasons

This procurement is not subject to any trade agreement.

9. Ownership of Intellectual Property

There are no intellectual property terms in the contract.

10. Period of the proposed contract or delivery date

The proposed contract is for a period of six (6) months, from October 1, 2024, to March 31, 2025. with an option to extend the contract for one (1) additional one (1) year periods.

11. Cost estimate of the proposed contract

The estimated value of the contract, including option(s), is $ 33 536.03 (GST/HST extra).

12. Name and address of the pre-identified supplier

Name: Ethel Jean Stevenson et Delbert Sampson inc.
Address: contractor’s place of business

13. Suppliers' right to submit a statement of capabilities

Suppliers who consider themselves fully qualified and available to provide the goods, services or construction services described in the ACAN, may submit a statement of capabilities in writing to the contact person identified in this notice on or before the closing date and time of this notice. The statement of capabilities must clearly demonstrate how the supplier meets the advertised requirements.

14. Closing date and time for a submission of a statement of capabilities

The closing date and time for accepting statements of capabilities are September 24, 2024, at 2:00 PM (EST).

15. Inquiries and submission of statements of capabilities

Inquiries and statements of capabilities are to be directed to:

Eloïse Clément-Ferland
Acting Regional supply and contract officer | Regional Service Center
Correctional Service Canada
Telephone: 514-234-6283
E-mail: eloise.clement@csc-scc.gc.ca",Correctionnal Service Canada,TRUE,High,"It requires Indigenous facilitation and capacity building, two of the core services on Indigenous Communities Engagement (ICE). A perfect fit."
Indigenous Cultural Competency Training Development,"The Canada Energy Regulator requires Indigenous Cultural Competency Training Development services to ensure all CER employees receive this training to change behaviors, perceptions towards others, and strive for cultural safety. The training will provide relevant cultural awareness by engaging in new techniques and reaching intended objectives.",Canada Energy Regulator,TRUE,High,The work requires capacity buidling and training for Indigenous cultural competency. A prefect fit.
Indigenous based performance measurement services,"This requirement is open only to those ProServices Supply Arrangement Holders who qualified for services under the following categories:
9.13 – Performance Measurement Services – One (1) Senior
9.14 - Subject Matter Expert – One (1) Senior

DESCRIPTION OF REQUIREMENT:   

Natural Resources Canada (NRCan) requires specialist services in Indigenous program performance measurement to support the strategic planning and policy renewal process for Wah-ila-toos. Wah-ila-toos leads multi-departmental activities and delivers programming to reduce diesel used to generate heat and electricity by supporting the transition to clean energy in Indigenous, remote, and rural communities. 

Through the contracted scope of work, the specialist will contribute to the development of a culturally responsive performance measurement framework for NRCan.",Natural Resources Canada,TRUE,High,The contract requires expertise in Indigenous programs. This can relate to both the services and key differentiators of Indigenous Communities Engagement (ICE). 
"Human Resource Services, Business Consulting/Change Management; Project Management Services","Trade Agreement: CETA/WTO-AGP/CPTPP/CFTA/FTAs with Peru/Colombia/Panama/Korea/UK
Comprehensive Land Claim Agreement: No
Notification Method: Public Advertising and Source List
Contract Award Procedure (Procurement Strategy): Best Overall  Proposal
GSIN Description: 
Human Resource Services, Business Consulting/Change Management; Project 
Management Services
Quantity: 1",Public Works and Government Services Canada,FALSE,,"Project management is one of the services offered by Indigenous Communities Engagement (ICE), but this job is not related to Indigenous communities in any way. This seems very specifically tailored for a human resources company."
Greenland Halibut Market Economic Information and Analysis,"Fisheries and Oceans Canada, Economics and Statistics, Arctic Region (DFO) requires outside expertise to obtain a deeper understanding of the socio-economic impacts of the Greenland Halibut (Reinhardtius hippoglossoides) commercial fisheries in Nunavut (specifically Subarea 0): 

The project intends to collect and analyze essential economic information on Greenland Halibut. In particular to collect information on the following: 

• Where the fish are sold territorially, provincially and internationally (exports – specifically how they leave Nunavut), and to whom (industry – restaurants, grocery stores, etc.) 
• Calculation of Profit margins for the industry 
• An understanding of the path the income from the fisheries takes – where does the money go (communities, fish plants, investments)?",Fisheries and Oceans Canada,TRUE,High,"This requires social and economic research and data collection on the Nunvaut , a predominantly indigenous region. It aligns well with the core services and key differentiators of Indigenous Communities Engagement (ICE)."
Four (4) Intermediate Project Managers,"File Number: W8486-249523/A
Tier: 2 (< $3.75M)

This requirement is for the Department of National Defence (DND) for the services of four (4) Intermediate Project Managers under Stream 3, Project Management Services. The intent of this solicitation is to establish up to four (4) Contracts each for one (1) year Initial Period, with the option to extend the term of the Contracts by up to two (2) one-year periods under the same conditions. This solicitation is only open to the below list of pre-qualified suppliers under the Task and Solutions Professional Services (TSPS) Supply Arrangement (SA) number E60ZT-18TSPS.

Documents may be submitted in either official language of Canada.

RFP documents will be e-mailed directly from the Contracting Authority to the Qualified Supply Arrangement Holders who are being invited to bid on this requirement. Bidders are advised that the RFP documents are not available on the CanadaBuys Tender Management Application (https://canadabuys.canada.ca).

The TSPS Method of Supply is a result of a formal competitive process which was established as a result of extensive consultations with industry. The Method of Supply provides suppliers with an on-going opportunity to become prequalified for participation in future bidding opportunities. To obtain more information about how to become a pre-qualified supplier for TSPS please contact Public Works and Government Services Canada (PWGSC).

For general information on the various PWGSC Methods of Supply, or to obtain specific information on a PWGSC professional service method of supply, please visit PWGSC's CanadaBuys Tender Management Application website at: https://canadabuys.canada.ca/en/about-us/news-and-events/transition-canadabuys-tender-management-application#msg",Department of National Defence,TRUE,Low,"Project management is one of the services offered by Indigenous Communities Engagement (ICE), but this job is not related to Indigenous communities in anyway. Technically it could be performed by ICE, but it does  not seizes it's key differentiators."
For the eight Inspiring Action for Global Citizenship (IAGC) projects and Public Engagement (PE) monitor.,"This requirement is open only to those TSPS Supply Arrangement (SA) # E60ZT-18TSPS/XXX/ZT Holders who qualified under Tier 1 for services in the National Capital Region for the following Stream: 3.9 Project Monitor – Senior.The Engaging Canadians Division (KFM) requires the services of a results-based management (RBM) Contractor to monitor the eight IAGC projects undertaken by the provincial and regional Councils of the Inter-Council Network. The Contractor will help identify the gaps and challenges, and provide recommendations to the DFATD’s Engaging Canadians Division to take corrective actions in order to reach the projects expected outcomes. This will focus on enabling the project’s implementing partners to more effectively report on their activities, and report on and measure their results. In addition, the RBM Contractor will monitor the IAGC projects under the broader umbrella of public engagement (PE) programming and the new PE results framework at KFM. The Contractor will use the data of selected operational projects, containing PE components, identified and provided to the Contractor by DFATD.","Foreign Affairs, Trade And Development (Department Of)",TRUE,Low,"The required work is about public engagement, although not specifically for indigenous people. It does not seize the Indigenous Communities Engagement (ICE) key differentiators"
First Nations Accessibility Assessor (AA) Training Program,The objective of this contract is to support the co-development of a culturally appropriate First Nations Accessibility Assessor Training Program. The goal of the program is to establish a network of approximately 25-40 assessors who are trained to work with individual First Nations communities in identifying and prioritizing their accessibility needs.  The intended outcome of this program is to advance accessibility in First Nations communities on reserve by supporting them in assessing all aspects of operations with a view to identifying barriers to accessibility and then prioritizing them for action.,Employment and Social Development Canada,TRUE,High,"The required works is about Indigenous facilitation and Capacity buidling, core services of Indigenous Communities Engagement (ICE). It is a perfect fit."
Federal Geomatics Guidelines for Flood Mapping: Manitoba Indigenous Engagement Case Study,Natural Resources is seeking consultancy services to accomplish the following tasks:Conduct a Gaps analysis looking at the number and type and overlap of projects being delivered in Indigenous communities in Manitoba with regards to flood/climate change mappingCoordinate and facilitate two (2) Indigenous engagement sessions in Manitoba’s Northern (i.e. Thompson or LaPas) and southern (i.e. Winnipeg or Brandon) regionsAuthor reports based on items 1 and 2 offering suggestions for improving flood mapping engagement to minimize Indigenous community engagement fatigue.,Natural Resources Canada,TRUE,High,"This involves indigenous engagement, indigenous facilitation indigenous related social research, all core services of Indigenous Communities Engagement (ICE). It is a perfect fit."
Federal Geomatics Guidelines for Flood Mapping,"By means of the RFP, Natural Resources Canada (NRCan) is seeking proposals from bidders to carry out the following tasks:

1. Conduct a GAP analysis looking at the number and type and overlap of projects being delivered in Indigenous communities in Saskatchewan with regards 
     to flood mapping.

2. Coordinate and facilitate two (2) Indigenous engagement sessions in Saskatchewan.

3. Author reports based on items one (1) and two (2) offering suggestions for improving flood mapping engagement to minimize Indigenous community 
    engagement fatigue.",Natural Resources Canada,TRUE,High,"This involves indigenous engagement, indigenous facilitation indigenous related social research, all core services of Indigenous Communities Engagement (ICE). It is a perfect fit."
EZ899-240832 Alaska Highway Km 660 Toad River Erosion Protection,"Public Services and Procurement Canada (PSPC) is undertaking an erosion protection project on the Alaska Highway in northern British Columbia.

The work will be conducted at KM 660 on the Alaska Highway and includes construction of an approximately 220 m long riprap revetment along the right downstream bank of the Toad River. The purpose of this revetment is to protect the Alaska Highway from the Toad River during high flow. The project is situated 13 km west of the community of Toad River, BC.

MANDATORY REQUIREMENT FOR PHASE TWO:
The Government of Canada is committed to reconciliation and meaningful engagement with Indigenous Peoples.  This project will take place on the traditional territories of the Halfway River First Nation,  Blueberry River First Nation, Prophet River First Nation and Fort Nelson First Nation and Lower Post First Nation (herein jointly referred to as “Indigenous Peoples”), respectfully. 

As part of Canada’s commitment to reconciliation with Indigenous Peoples, this procurement requires bidders to include an Indigenous Participation Plan (IPP) that provides the local Indigenous Peoples on whose traditional territories the project is located, opportunities to participate in the performance of the federal Work through the provision of goods, services, training, employment, apprenticeship or sub-contracting opportunities. All bidders must provide specific planned participation for the Indigenous Peoples and firms owned by Indigenous Peoples throughout the duration of the project. 
The information that Bidders are required to provide is set out in detail in Phase Two.",Department of Public Works and Government Services (PSPC),TRUE,Medium,"This specically requires an Indigenous Participation Plan (IPP), one of the core services of Indigenous Communities Engagement (ICE). However, it also reuires some engineering work which is out of ICE's offered services. ICE might have to partner with another firm or person to tackle this project."
EZ113-231395 - Indigenous Services - Esquimalt FN,"Public Services and Procurement Canada (PSPC) has a requirement for First Nations community engagement services to enable the Esquimalt Nation (Nation) to actively participate in efficient and effective communications between the Nation, and the Federal Government (Canada) with specific respect to operations, activities and projects within the Nations traditional territory.",Department of Public Works and Government Services (PSPC),TRUE,High,"It explicitly requires indigenous engagement services, one of the core services of Indigenous Communities Engagement (ICE). It is a perfect fit."
EZ113-231394 - Indigenous Services - Songhees FN,"Public Services and Procurement Canada (PSPC) has a requirement for First Nations community engagement services to enable the Songhees Nation (Nation) to actively participate in efficient and effective communications between the Nation, and the Federal Government (Canada) with specific respect to operations, activities and projects within the Nations traditional territory.",Department of Public Works and Government Services (PSPC),TRUE,High,"It explicitly requires indigenous engagement services, one of the core services of Indigenous Communities Engagement (ICE). It is a perfect fit."
Evaluation and Audit of Advancing Reconciliation at Natural Resources Canada (NRCan),"Solutions-Based Professional Services (TSPS) Requirement

This requirement is for: Natural Resources Canada (NRCan)

This requirement is open only to those Supply Arrangement Holders under E60ZT-16TSSB who qualify under Tier 1 and under the stated consultant category, security level, region, level of expertise for the following stream: 

•	Stream 2: Business Consulting/Change Management

The requirement is intended to result in the award of one (1) contract.

The following SA Holders have been invited to submit a proposal. 

1.	BDO Canada LLP 
2.	Deloitte Inc. 
3.	Ernst & Young LLP
4.	Goss Gilroy Inc.
5.	Kelly Sears Consulting Group
6.	KPMG LLP 
7.	NATTIQ Inc, Vision XRM Inc. XRM Vision Inc , in Joint Venture 
8.	NATTIQ INC. 
9.	Orbis Risk Consulting Inc. 
10.	PRA Inc. 
11.	Pricewaterhouse Coopers LLP 
12.	R.A. Malatest & Associates Ltd.
13.	Raymond Chabot Grant Thornton Consulting Inc.
14.	Samson & Associés CPA/Consultation Inc 
15.	TDV Global inc.

Description of the Requirement:

Natural Resources Canada seeks Evaluation Services Consultants to conduct a Joint Evaluation and Audit assessing progress in advancing reconciliation efforts with Indigenous Peoples, covering governance, policy engagement, programs, and workforce actions.

Level of Security Requirement: 

Company Minimum Security Level Required: Protected B

Resource Minimum Security Level Required: Reliability

Applicable Trade Agreements:

The requirement is subject to the provisions of the Canadian Free Trade Agreement (CFTA), the Canada-Chile Free Trade Agreement (CCFTA), the Canada-Columbia Free Trade Agreement (CCoFTA), the Canada-Honduras Free Trade Agreement (CHFTA), the Canada-Korea Free Trade Agreement (CKFTA), the Canada-Panama Free Trade Agreement (CPaFTA) and the Canada-Peru Free Trade Agreement (CPFTA).

Associated Documents: Not applicable.

Proposed period of contract: The proposed period of the contract will be for one (1) year from the date of contract award.

Estimated Level of Effort:

The estimated level of effort for the contract will be detailed in the RFP documents.

File Number:  		NRCan-5000074372

Contracting Authority:	Alexandre Rheault

Phone Number:		613-291-6447

E-Mail:			alexandre.rheault@nrcan-rncan.gc.ca

NOTE: The Task and Solutions Professional Services (TSPS) Method of Supply is subject to quarterly refresh cycles.  If you wish to find out how you can be a “Qualified SA Holder”, please contact SPTS.TSPS@TPSGC-PWGSC.GC.CA 

----------------------------------------------------------------------------------------------------
Amendment 001: To change the date of the Closing date.
Amendment 002: To post the CAN.",Natural Resources Canada ,TRUE,,It requires an audit to the Reconciliation with Indigenous communities advances. It aligns with one of the core services of Indigenous Communities Engagement (ICE): Reconciliation Action Plans (RAPs). It is a perfect fit.
"Evaluating and understanding cigarette smoking, nicotine vaping, and policies on both products among adults in Canada in the international context","ADVANCE CONTRACT AWARD NOTICE (ACAN)

Title: Evaluating and understanding cigarette smoking, nicotine vaping, and policies on both products among adults in Canada in the international context	
Solicitation Number: 1000251981

1.  The Purpose and Explanation of an ACAN
An Advance Contract Award Notice (ACAN) allows Health Canada to post a notice for no less than fifteen (15) calendar days, indicating to the supplier community that a goods, services or construction contract will be awarded to a pre-identified contractor.  If no other supplier submits, on or before the closing date, a Statement of Capabilities that meets the minimum requirements identified in the ACAN, the Contracting Authority may then proceed to award a contract to the pre-identified contractor. 

2.  Rights of Suppliers
Suppliers who consider themselves fully qualified and available to provide the services or goods described in this ACAN may submit a Statement of Capabilities demonstrating how they meet the advertised requirement. This Statement of Capabilities must be provided via e-mail only to the contact person identified in Section 12 of the Notice on or before the closing date and time of the Notice.  If the Bidder can clearly demonstrate they possess the required capabilities, the requirement will be opened to electronic or traditional bidding processes.

3.  Proposed Contractor
Legal Name of Applicant Organization: University of Waterloo
Primary Address: 200 University Avenue West, Waterloo, Ontario, N2L 3G1 Canada.

4.  Definition of Requirements or Expected Results
Having robust, reliable information on the effects of these efforts in reducing tobacco use is critical to informing current and potential future policy development aimed at achieving the ‘5% by 2035’ target. Over the past decade, there have been significant changes in the landscape of nicotine products in Canada and globally with the emergence of alternative nicotine delivery products such as vaping products and nicotine pouches. There is an urgent need to understand the overall public health impact of these products as well as policies and industry actions that impact the use of these products.

The contractor is required to have followed a longitudinal cohort of Canadians 18 and over and at least 3 comparator countries including the US and England who smoke since at least 2016 before the emergence of vaping. The cohort must have at least 4 collection points and the Canadian sample include participants from each province and a total sample of each wave of at least 1500 respondents made up of return to sample and replenishment. 

The survey will provide and must have followed since at least 2016
•	Information on current smoking, participants smoking and quitting histories
•	Use of cessation products
•	Detailed patterns of use of alternative nicotine delivery products and their role in smoking cessation 
•	Brands of cigarettes, brands, flavours and device characteristics for alternative nicotine delivery products
•	Associations between updated health warnings and successfully quitting smoking
•	Sources and prices of cigarettes and alternative nicotine delivery products
•	Use of other substances (cannabis/alcohol) either on the same occasion or within the past 30 days

The contractor will undertake the following tasks to conduct a among a cohort of adults who smoke, vape, both smoke and vape, and who have recently quit smoking.
1.	Develop the survey in English. 
a.	Review statistics of key questions from the previous wave of survey data for insights on their “performance.”
b.	Propose changes in the survey content: questions to be added and questions to be dropped; retained questions to be edited. 
2.	Program the English survey.
3.	Translate the survey into French. 
4.	Test the programmed English survey.
5.	Program and overlay the French survey.
6.	Test the programmed French survey.
7.	Health Canada to test programmed survey in French and English.
8.	Ensure the survey firm meets user group quotas .
9.	Obtain ethics clearances on survey instruments, protocols, and other survey materials at relevant Research Ethics, Privacy and Security Boards.
10.	Launch the pilot test and check data quality for the English and French surveys.
11.	Launch the full survey in English and French.
12.	Process, clean, and link data to previous cycles.
13.	Construct survey weights (both cross-sectional and longitudinal).
14.	Create topline statistics for checking.
15.	Verify survey data and survey questions 
16.	Release weighted data. 
17.	Plan the initial analyses in consultation with Health Canada.
18.	Execute the analyses and writeup of reports in accordance with Health Canada’s specifications.

5.  Minimum Requirements
Any interested supplier must demonstrate by way of a Statement of Capabilities that it meets the following minimum requirements:
a)	The contractor must have conducted at least 4 waves of a longitudinal cohort since 2016 on smoking and vaping behaviors in Canada and comparable survey data in at least 3 other countries including the US and England. The survey waves must provide linked data across the previous and proposed wave describing:
a.	Information on current smoking, participants smoking and quitting histories
b.	Use of cessation products
c.	Detailed patterns of use of alternative nicotine delivery products and their role in smoking cessation 
d.	Brands of cigarettes, brands, flavours and device characteristics for alternative nicotine delivery products
e.	Associations between updated health warnings and successfully quitting smoking
f.	Sources and prices of cigarettes and alternative nicotine delivery products
g.	Use of other substances (cannabis and or alcohol) either on the same occasion or within the past 30 days
b) 	The previous and proposed wave must include at least 1500 respondents nationally in Canada and include all 10 provinces. 

6.  Reason for Non-Competitive Award
Section 6 of the Government Contracts Regulations contains four exceptions that permit the contracting authority to set aside the requirement to solicit bids.  For the proposed procurement, the following exception applies:
6d) Only one person or firm is capable of performing the contract

7.  Applicability of the trade agreement(s) to the procurement
This procurement is subject to the following trade agreements:
•	Canadian Free Trade Agreement (CFTA)
•	Revised World Trade Organization - Agreement on Government Procurement (WTO-AGP)
•	Canada-European Union Comprehensive Economic and Trade Agreement (CETA)
•	Comprehensive and Progressive Agreement for Trans-Pacific Partnership (CPTPP)
•	Canada-Chile Free Trade Agreement (CCFTA)
•	Canada-Colombia Free Trade Agreement
•	Canada-Honduras Free Trade Agreement
•	Canada-Korea Free Trade Agreement
•	Canada-Panama Free Trade Agreement
•	Canada-Peru Free Trade Agreement (CPFTA)
•	Canada-United Kingdom Trade Continuity Agreement (Canada-UK TCA)
•	Canada-Ukraine Free Trade Agreement (CUFTA)

8.  Ownership of Intellectual Property
Contractor to Own Intellectual Property Rights in Foreground Information if they will exist.

9.  Period of the Proposed Contract
The contract period shall be from date of contract award until (Date: 31 March 2025).

10.  Estimated Value of the Proposed Contract
The total estimated value of the proposed contract should not exceed $ 700,000, including travel and living expenses (if applicable), and all applicable taxes.

11. Closing Date and Time 
The Closing Date and Time for accepting Statements of Capabilities is January 29, 2024 at 2 p.m. EST.

12. Contact Person
All enquiries must be addressed by e-mail to:
Name: Beverly Shawana
E-Mail: beverly.shawana@hc-sc.gc.ca",Health Canada,FALSE,,It states that the contractor must have done this specific job for th past 4 years. That disables Indigenous Communities Engagement (ICE) to participate in the procurement process.
EP899-240198 - Indigenous Engagement,Indigenous Engagement,Department of Public Works and Government Services (PSPC),TRUE,High,"It explicitly requires indigenous engagement services, one of the core services of Indigenous Communities Engagement (ICE). It is a perfect fit."
Environmental Site Assessment Services for Various Locations in Quebec_Stream 1,"OBJECTIVES OF THE REQUIREMENT

Fisheries and Oceans Canada (the Department) requires the services of firms working in the field of contaminated sites and the environment to carry out a variety of projects at sites under the Department’s responsibility in Quebec.

DFO is seeking to award up to five (5) Standing Offers for Stream 1 and up to three (3) Standing Offers for Stream 2.

LOCATION OF WORK

The professional services described in the Standing Offer will be provided on behalf of the Department in the province of Quebec and will include the following:

•	Stream 1  Environmental site assessment and environmental remediation, excluding the territory covered under the James Bay and Northern Quebec Agreement;
•	Stream 2  Toxicological and ecotoxicological risk assessment and related studies, excluding the territory covered under the James Bay and Northern Quebec Agreement;

Some sites are only accessible by helicopter or boat. Therefore, in certain situations, the consultant must anticipate the planning and logistics required for remote areas.

PERIOD OF STANDING OFFER

The services are to be performed on an “as-and-when-required” basis during the period from date of award to August 31, 2028.

SECURITY

There is no security requirement for this contract. The firm working under this Standing Offer Agreement must not be given access to sensitive information or assets, and the firm’s employees must be escorted at all times while on DFO restricted areas.

TRADE AGREEMENTS

The requirement is subject to the Canada–Chile Free Trade Agreement (CCFTA), the Comprehensive and Progressive Agreement for Trans-Pacific Partnership (CPATPP), the Canada–European Union Comprehensive Economic and Trade Agreement (CETA), the Canada–Colombia Free Trade Agreement, the Canada–Peru Free Trade Agreement (CPFTA), the Canada–Panama Free Trade Agreement, the Canada–Korea Free Trade Agreement (CKFTA), the Canada–Ukraine Free Trade Agreement, the Canada–Honduras Free Trade Agreement, the World Trade Organization Agreement on Government Procurement (WTO–AGP) and the Canadian Free Trade Agreement (CFTA).

MANDATORY REQUIREMENTS

An Offeror can submit an offer for Stream 1 or Stream 2, or for both streams. The Offeror must complete the corresponding tables for each stream for which it wishes to submit an offer.

Mandatory Technical Criteria

Proposals will be evaluated in accordance with the mandatory evaluation criteria as detailed herein. An Offeror’s proposal must clearly demonstrate that it meets all mandatory requirements for it to be considered for further evaluation. Proposals not meeting the mandatory criteria will be excluded from further consideration.

The Offeror must include the following table in its proposal, indicating that it meets the mandatory criteria, and providing the proposal page number or section that contains information to verify that the criteria have been met.

The Offeror must meet all the mandatory criteria listed. Any proposal not meeting any one of the mandatory criteria below will be deemed non-compliant and will not be given further consideration.

Stream 1

M1a	The Offeror must propose one (1) Project Director with at least twelve (12) years of relevant experience in contaminated sites during the last fifteen (15) years and must demonstrate experience by providing  a curriculum vitae (CV) with a detailed description of previous work experience. The proposed Project Director must have a bachelor’s degree in an environment-related field and the Offeror must provide a copy of the degree with their bid.

M1b	The Offeror must propose one (1) intermediate level project manager (professional) with at least five years of experience in contaminated sites and one (1) senior project manager with at least nine (9) years of experience in contaminated sites and must demonstrate  experience by providing a curriculum vitae (CV) with a detailed description of previous work experience. The proposed project managers must each have a bachelor’s degree in an environment-related field and the Offeror must provide a copy of the degree with their bid.

M2	The Offeror must have completed at least five (5) projects recently (i.e. carried out in the last [5] years) in Quebec involving environmental site assessments, in relation to the statement of work (section 2.2).

Stream 2

M3a	The Offeror must propose one (1) Project Director with at least twelve (12) years of relevant experience in risk assessment over the past fifteen (15) years and must demonstrate experience by providing  a curriculum vitae (CV) with a detailed description of previous work experience. The proposed Project Director must have a bachelor’s degree in an environment-related field and the Offeror must provide a copy of the degree with their bid.

M3b	The Offeror must propose one (1) intermediate level project manager (professional) with at least five years of experience in risk assessment and must demonstrate experience by providing  a curriculum vitae (CV) with a detailed description of previous work experience. The proposed project manager must have a bachelor’s degree in an environment-related field and the Offeror must provide a copy of the degree with their bid.

M4	The Offeror must have completed at least three (3) projects in Canada recently (i.e. carried out in the last five [5] years) involving risk assessment studies related to section 2.3 of the Statement of Work.

COMPREHENSIVE LAND CLAIMS AGREEMENTS

This Request for Standing Offers (RFSO) is to establish regional Standing Offers for the delivery of the requirement detailed in the RFSO, to the Identified Users in Quebec Region, excluding locations within Quebec that are subject to Comprehensive Land Claims Agreements (CLCAs). Any requirement for deliveries within these CLCA areas will be treated as a separate procurement, outside the resulting Standing Offer.",Fisheries and Oceans Canada,TRUE,Medium,"It requires work related to Environmental monitoring, one of the core services of Indigenous Communities Engagement (ICE). However it involves highly technical work like toxicological assesment that might not fall under ICE's services. ICE might need to partner with another firm or person to tackle this project."
Environmental Scan & Assessment of Provincial Regulatory Regimes,"Health Canada’s Impact Assessment (IA) Program requires the completion of an environmental scan to inventory and assess the health protectiveness of provincial regulatory regimes, with a particular focus on impacts to Indigenous populations. The project will focus on environmental health risks that align with Health Canada’s areas of expertise, including air quality, traditional country foods, drinking water quality, soil quality, radiation, noise, and the social determinants of health.",Health Canada,TRUE,High,It requires social and environmental research related to Indigenous people. It is a perfect fit for Indigenous Communities Engagement (ICE).
"Environmental Investigations, Remediation and Engineering Services Related to Contaminated Sites in the Northwest Territories","This requirement is for the Department of Crown-Indigenous Relations and Northern Affairs Canada (CIRNAC).

The Department of Crown-Indigenous Relations and Northern Affairs Canada (CIRNAC) Northwest Territories (NWT) Region is responsible for managing contaminated sites on Crown land in the NWT.  CIRNAC anticipates initiating a series of environmental investigations, remedial activities, and/or long term monitoring at a number of sites throughout the NWT Region. Generally, these sites were associated with exploration, mining, and/or military operation and many have originated in excess of fifty years ago.   There are nearly 100 sites in the NWT’s inventory of federal contaminated sites.  These sites are managed as per the Federal Approach to Contaminated Sites and the associated 10-step process.   Many of them require additional environmental site assessment work, risk assessment analysis and remediation planning.  Once remediation and/or risk management activities are completed, these sites may also require monitoring in the short or long-term.  

The Standing Offer Agreements (SOA) are intended to capture the environmental and engineering services required to manage risks at these sites and in many cases to facilitate moving these sites through the 10-step process.

The Request for Standing Offers (RFSO) is to establish Standing Offers for the delivery of the requirement detailed in the RFSO, in the Northwest Territories (NWT), including the following areas subject to Comprehensive Land Claims Agreements (CLCAs):
•	Inuvialuit Final Agreement (1984)
•	Gwich'in Comprehensive Land Claims Agreement (1992)
•	Sahtu Dene and Metis Comprehensive Land Claims Agreement (1994)
•	Tlicho Land Claims Agreement (2005)

The intent is to award up to six (6) Standing Offer Agreements for a period to March 31, 2027, with two (2) one (1) year option periods.

Level of Security: there are no security requirements applicable to this requirement.",Department of Indigenous Services (ISC),TRUE,High,"This talks about several possible contracts. Some of them involve envornmental monitoring, which is one of the core services Indigenous Communities Engagement (ICE) offers."
Environmental impact of Canada's vehicle fleets,"TASK Based Professional Services (TSPS) Requirement


This requirement is for: Natural Resources Canada (NRCan)

This requirement is open only to those Supply Arrangement Holders under E60ZT-18TSPS who qualified under Tier 1 for the following categories:

•	Category 2.7, Needs Analysis and Research Consultant
•	Category 2.9, Statistics Analyst
•	Category 2.12, Evaluation Services Consultant
•	Category 2.14, Subject Matter 

The requirement is intended to result in the award of one (1) contract.

The following SA Holders have been invited to submit a proposal. 

1.	Aboriginal Employment Services Inc.
2.	ADRM Technology Consulting Group Corp.
3.	ADRM Technology Consulting Group Corp. and Randstad Interim Inc
4.	Adirondack Information Management Inc., The AIM Group Inc. in Joint Venture
5.	ARTEMP PERSONNEL SERVICES INC
6.	Avascent Canada ULC
7.	Cofomo Inc.
8.	CPCS Transcom Limited
9.	Dare Human Resources Corporation
10.	FERENCE & COMPANY CONSULTING LTD.
11.	Goss Gilroy Inc.
12.	InterVISTAS Consulting Inc.
13.	Kelly Sears Consulting Group
14.	MINDWIRE SYSTEMS LTD., Akkada Professional Services inc., HubSpoke Inc., in Joint Venture
15.	Mobile Resource Group Inc
16.	NATTIQ INC.
17.	Performance Management Network Inc.
18.	Posterity Group Consulting Inc
19.	PRA Inc.
20.	R.A. Malatest & Associates Ltd.
21.	SEASONOVA Group Inc.
22.	SEASI Consulting Inc.
23.	Skyfly Solutions Inc., iFathom Corp in Joint Venture
24.	THE LANSDOWNE CONSULTING GROUP INC.
25.	TRM Technologies Inc.
26.	WSP Canada Inc.

Description of the Requirement:

Natural Resources Canada (NRCan has identified a need for four (4) Resource Categories* to provide their coordination expertise. The project aims to understand and reduce the environmental impact of Canada's vehicle fleets. By engaging with fleet managers, the study will identify the types of vehicles on the road, the technologies they use to save fuel, and their impact on greenhouse gas emissions. The focus is on retrofitting existing vehicles to be more environmentally friendly. The study will analyze data from a government program that encourages such retrofits. The goal is to create a comprehensive report helping Canada meet its emission reduction targets.

*The Resource Categories described below are required in accordance with the TSPS SA Annex ""A"": 

Resource Category:	                                                     Levels:
2.7 Needs Analysis and Research Consultant	             Intermediate
2.9 Statistics Analyst	                                                    Intermediate
2.12 Evaluation Services Consultant	                    Senior
2.14 Subject Matter Expert	                                    Senior

Proposed period of contract:

The proposed period will be from date of Award to March 31, 2025

Level of Security Requirement: 

Company Minimum Security Level Required: Protected B

Resource Minimum Security Level Required: Reliability

Document Safeguarding Security Level Required: Protected B

Applicable Trade Agreements:

The requirement is subject to the provisions of the following trade agreements:
the Canadian Free Trade Agreement (CFTA); 
the Canada-Chile Free Trade Agreement (CCFTA);
the Canada-Columbia Free Trade Agreement (CCoFTA);
the Canada-Honduras Free Trade Agreement (CHFTA); 
the Canada-Korea Free Trade Agreement (CKFTA); 
the Canada-Panama Free Trade Agreement (CPaFTA); 
the Canada-Peru Free Trade Agreement (CPFTA).

Diversity

Natural Resources Canada is committed to achieving a procurement process that reflects the diversity of Canada.  We are dedicated to identifying and reducing barriers in our procurement processes. We continue to work on improving practices that will help ensure that equity group members are well-represented.  To this end, minority-owned businesses are encouraged to apply to our processes.

Proposed period of contract:

The proposed contract duration will be from the contract date to March 31, 2025.

Estimated Level of Effort:

The estimated level of effort will be for 120 days.

File Number:  		 NRCan-5000078617
Contracting Authority:	 Alexandre Rheault
Phone Number:	 613-298-6447
E-Mail:			 alexandre.rheault@nrcan-rncan.gc.ca

NOTE: The Task and Solutions Professional Services (TSPS) Method of Supply is subject to quarterly refresh cycles.  If you wish to find out how you can be a “Qualified SA Holder”, please contact SPTS.TSPS@TPSGC-PWGSC.GC.CA 

Amendment no. 1: To correct some errors and the format.
Amendment no. 2: To change the closing date.",Natural Resources Canada ,TRUE,Medium,"It requires Environmental Impact Assessment, one of the core services of Indigenous Communities Engagement (ICE). Although it does not directly involveindigenous communities, it still is a good fit."
Environmental Consultant Services,Environmental Consultant Services,Department of Public Works and Government Services (PSPC),TRUE,Medium,"It requires Environmental Consultant Servies, related to one of the core services of Indigenous Communities Engagement (ICE): Environmental monitoring or Environmental Impact Assessment. Although it does not directly involveindigenous communities, it still is a good fit."
Enhancing Project Management and Change Practices at Employment and Social Development Canada (ESDC),"This requirement is open ONLY TO INDIGENOUS TBIPS SA Holders under EN578-170432 who qualified under Tier 1 and under the following categories: 

P.1 Change Management Consultant (Level 3)
P.9 Project Manager (Level 3)
P.10 Project Scheduler (Level 3)

Employment and Social Development Canada (ESDC) requires the services of Project Managers Consultants (Level 3), Project Scheduler Consultants (Level 3), and Change Management Consultant (Level 3) on an as and when requested basis, to provide leadership, coordination, and specialized expertise in the implementation of a variety of major projects in all ESDC branches.

These roles will support the internal project teams in achieving successful project delivery while managing schedules and facilitating change within the organization.

Each role will support investment portfolio projects and investment fund projects, focusing on their respective areas of expertise to ensure the development of professional-level project management plans, schedules, and change management strategies.

Here is the list of ALL INDIGENOUS TBIPS SA Holders currently holding a TBIPS SA for Tier 1 under the EN578-170432 series of SA's are invited to bid on this requirement:

1.	Acosys Consulting Services Inc. 
2.	Acosys Consulting Services Inc./ Services Conseils Acosys Inc., Pricewaterhousecoopers Llp, In Joint Venture
3.	Adirondack Information Management Inc. 
4.	Adirondack Information Management Inc., Amita Corporation, Artemp Personnel Services Inc., The Aim Group Inc., In Joint Venture
5.	Adrm Technology Consulting Group Corp. 
6.	Adrm Technology Consulting Group Corp. And Randstad Interim Inc
7.	Advanced Chippewa Technologies Inc. 
8.	Alika Internet Technologies Inc. 
9.	Alivaktuk Consulting Inc. & Navpoint Consulting Group Inc. In Jv 
10.	Allan Clarke & Associates Inc.; The Halifax Computer Consulting Group Inc.; In Joint Venture 
11.	Donna Cona Inc. 
12.	Donna Cona Inc., Ibm Canada Limited In Joint Venture No
13.	Ipss Inc.
14.	Makwa Resourcing Inc. 
15.	Makwa Resourcing Inc., Tpg Technology Consulting Ltd. In Joint Venture 
16.	Malarsoft Technology Corporation 
17.	Maplestream Inc., Cofomo Inc. In Joint Venture 
18.	Maverin Business Services Inc. 
19.	Maverin Inc. 
20.	Mindwire Systems Ltd., Akkada Professional Services Inc., Hubspoke Inc., In Joint Venture 
21.	Monz Consulting Inc., Newfound Recruiting Corporation. In Joint Venture 
22.	Nattiq Inc. 
23.	Nisha Technologies Inc. 
24.	Olav Consulting Corp., Moshwa Aboriginal Information Technology Corporation, In Joint Venture 
25.	Onaki Création S.E.N.C., Ibiska Telecom Inc., In Joint Venture 
26.	Prologic Systems Ltd. 
27.	Prologic Systems Ltd. And Maplesoft Consulting Inc. In Jv 
28.	Skyfly Solutions Inc., Ifathom Corp., Epi-Use Now Inc. In Joint Venture 
29.	Symbiotic Group Inc. 
30.	Symbiotic Group Inc., Akkodis Canada Inc., In Joint Venture 
31.	Tato Recruiting Inc., S.I. Systems Ulc, In Joint Venture 
32.	Turtle Technologies Inc.",Department of Employment and Social Development (ESDC),TRUE,Low,"Project management is one of the services offered by Indigenous Communities Engagement (ICE), but this job is not related to Indigenous communities in anyway. Technically it could be performed by ICE, but it does  not seizes it's key differentiators."
Energy Studies - National Stakeholder Engagement Net Zero,"NRCan is seeking a qualified contractor to undertake a series of engagement sessions with downstream energy system actors to examine the specific actor needs across Canada over the course of approximately 6 months. Specifically, to, (1) better understand characteristics of and contributing factors to different regulatory challenges as experienced by actors in the downstream energy sector. Then (2) identify which opportunities to leverage or develop to address those challenges systemically through federal programming.",Natural Resources Canada,TRUE,Medium,"This requires multistakeholder engagement, one of the core services of Indigenous Communities Engagement (ICE). Although it does not explicitly involves indigenous communities, it is still a good fit."
EN438-251003 Stony Point Cultural Awareness Training Standing Offer,"The Cultural Awareness Program (CAP) is compulsory for contractors and their on-site employees prior to any intrusive work being done on the Former Camp Ipperwash/Stony Point lands. Background research, and previous investigations from 2006 to 2017 confirmed the existence of many cultural resources and a high potential for the discovery of additional cultural resources during any planned Clearance activities.
The training is required by the Chippewas of Kettle and Stony Point as part of the conditions each contractor must meet before doing intrusive work at Stony Point First Nations. The purpose of the program is to ensure that contractors and their employees working on the Former Camp Ipperwash/Stony Point lands have an understanding of the history and culture of the First Nation and the importance of the land base.",Department of Public Works and Government Services (PSPC),TRUE,Medium,"This requires training about Indigenous culture. This is not specifically a core service of Indigenous Communities Engagement (ICE), but adheres to it's values and mission. "
Elder Services,Elder Services at Dorchester Penitentiary in New Brunswick,Correctional Service Canada,TRUE,High,"It requires Indigenous facilitation and capacity building, two of the core services on Indigenous Communities Engagement (ICE). A perfect fit."
Elder Helper services,"21301-25-4985511 – Elder Helper services - Sasha Oyukuluk-Dobson

An advanced contract award notice (ACAN) is a public notice indicating to the supplier community that a department or agency intends to award a contract for goods, services or construction to a pre-identified supplier, thereby allowing other suppliers to signal their interest in bidding, by submitting a statement of capabilities. If no supplier submits, a statement of capabilities that meet the requirements set out in the ACAN, on or before the closing date and time stated in the ACAN, the contracting officer may then proceed with the award to the pre-identified supplier.

1. Definition of the requirement:

The Correctional Service Canada (CSC) has a requirement to provide Elder programming to meet the needs of Indigenous offenders. The Elder Helpers must be available to assist and supplement the work of Elders, thus enhancing Indigenous programming. CSC is legislated to provide Indigenous offenders with the opportunity to further develop their understanding of traditional Indigenous spirituality while allowing non-Indigenous offenders to practice their beliefs and values systems.

1.1	Objectives:

As required by the CCRA and individual correctional plans, Elder Helpers are engaged to ensure the accommodation of Indigenous spiritual and cultural practices. They assist the Elders in supporting Indigenous offenders on their traditional healing journey, to further develop an understanding of traditional Indigenous culture through teachings, guidance and counselling. Further, they utilize traditional ceremonies and practices, where they have been given the responsibility to assist the work of Elders, to promote healing and balance.

1.2	Tasks:

The Elder Helper must provide the following services:

The Elder Helper must assist Indigenous offenders within the federal institutions to benefit from traditional healing and contemporary treatment interventions by supporting the work of the Elders and the interdisciplinary team as follows:

•	Ensure offenders and staff approach the Elder providing service according to proper traditional protocol.
•	Ensure an adequate supply of traditional ceremonial material is on hand in order to ensure the ceremonial aspect of the work is maintained.
•	Coordinate and provide supervision for offenders during traditional ceremonies; with the Elder’s agreement, perform traditional ceremonies in the absence of the Elder (including but not limited to, pipe ceremony, sweat lodge ceremony and sharing circles).
•	Conduct group discussions and teachings, with the Elder’s agreement, in the identification and proper use of ceremonial objects for offenders and staff.
•	Assist staff to prepare reports (verbal and written) and provide other technical support for case management and parole processes.
•	Provide counselling services to offenders as directed when the Elder is unavailable.
•	Assist in scheduling ceremonies and provide written notification of these events to appropriate Elders and staff.
•	Provide a list of contacts with offenders, activities and ceremonies attended to the Project Authority or their designate.
•	Participate in staff meetings to further enhance team concept and to create and maintain a healthy support network.
•	Participate in meetings with staff to facilitate communication and cooperation with the Elder.
•	Provide cultural awareness sessions in traditional teachings and healing to Case Management Team members and institutional staff in order to promote a culturally safe environment for Indigenous offenders.

1.3	Expected Results:

Provision of Indigenous programming and Elder Helper services to the Indigenous offender population.

1.4 Reporting and communications:

1.   The Elder Helper must provide time sheets at two-week intervals to confirm the services provided.
      
2.   The Elder Helper, with the assistance and coordination of the Indigenous Liaison Officer or Parole Officer, must submit summary activity reports of their services to the Project Authority or designate at two-week intervals by providing a summary of the tasks and hours completed on the Elder Tasks – Weekly Summary and Elder Tasks – Bi-weekly Summary/Invoice provided by the Project Authority.  These reports will be used to register progress and for evaluation purposes and must include the following information:

(a) Daily activity log;
(b) Number and type of individual offender interviews;
(c) Number and type of group sessions held (including but not limited to circles, sweats);
(d) Number and type of spiritual ceremonies held (including but not limited to family, sweats, pipe ceremonies); and
(e) Number and type of collateral contacts made (including but not limited to with case management, staff, interventions).

1.5 Paper consumption:

a. Should printed material be required, double-sided printing in black and white format is the default unless otherwise specified by the Project Authority.

b. The Contractor must ensure printed material is on paper with a minimum recycled content of 30% and/or certified as originating from a sustainably managed forest.

c. The Contractor must recycle unneeded printed documents (in accordance with Security Requirements).

1.6 Constraints

1.6.1 Location of work:

a.	The Elder Helper must perform the work at :

•	Laval Complex – Federal Training Centre (CFF600 and CFF6099)
•	Ste-Anne-des-Plaines Complex (Archambault Medium institution)
•	Joliette Institution

b.	Travel


i.	No travel is anticipated for performance of the work under this contract.

1.6.2 Language of Work:

The contractor must perform all work in English.

 
1.6.3 Security Requirements:

1.	The Contractor personnel requiring access to PROTECTED information, assets or sensitive work site(s) must EACH hold a valid RELIABILITY STATUS, granted or approved by Correctional Services Canada (CSC).

2.	The Contractor MUST NOT remove any PROTECTED information or assets from the identified work site(s), and the Contractor must ensure that its personnel are made aware of and comply with this restriction.

3.	Subcontracts which contain security requirements are NOT to be awarded without the prior written permission of CSC.
 
4.	The Contractor must comply with the provisions of the:

a)	Security Requirements Check List, described in Annex C.
b)	Directive on Security Management: Appending F “Mandatory Procedures for Security in Contracts and Other Arrangmements Control”

2. Criteria for assessment of the statement of capabilities (minimum essential requirements):

Any interested supplier must demonstrate by way of a statement of capabilities that it meets the following requirements:

Assisting with and attending Indigenous ceremonies are something Elder Helpers have been taught. The supplier must provide their experience as an Elder Helper and how it was acquired.

The supplier must have a minimum of two (2) years of cumulative experience, calculated by combining any experience obtained in the three following areas. The supplier must have acquired this experience over the past 10 years before the date of the closing of this ACAN:

•	assisting and supporting an Elder;
•	providing counselling and guidance according to the traditions and teachings;
•	conducting group discussions; and 
•	assisting others in preparing reports (verbal and written).

The supplier must demonstrate in writing that they have the knowledge and the experience required in the essential requirements. 

The supplier must provide a resume and two (2) references who can confirm their work as an Elder Helper.

3. Applicability of the trade agreement(s) to the procurement

This procurement is not subject to any trade agreement.

4. Set-aside under the Procurement Strategy for Indigenous Business

This procurement is set-aside for an Indigenous Supplier in accordance with the government Procurement Strategy for Indigenous Business (PSIB). Therefore, only suppliers who meet the definition of an Indigenous business, as defined in the PSIB, may submit a statement of capabilities.
This restriction does not apply to contracts with individuals who are Elder Helpers.

5. Comprehensive Land Claims Agreement(s)

This procurement is not subject to a Comprehensive Land Claims Agreement.
6. Justification for the Pre-Identified Supplier 

There is a limited number of suppliers available to provide Elder Helper services to meet the reintegration needs of CSC Indigenous offenders.

The pre-identified supplier meets all of the minimum essential requirements described in this ACAN.

7. Government Contracts Regulations Exception(s)

The following exception to the Government Contracts Regulations is invoked for this procurement under subsection:
(d) Only one person is capable of performing the contract.

8. Exclusions and/or Limited Tendering Reasons

This procurement is not subject to any trade agreement.

9. Ownership of Intellectual Property

There are no intellectual property terms in the contract.

10. Period of the proposed contract or delivery date

The proposed contract is for a period of two (2) years and one month, from March 1st 2025 to March 31st 2027 with an option to extend the contract for two (2) additional one-year Period.

11. Cost estimate of the proposed contract

The estimated value of the contract, including option(s), is 327 335,29$ (GST/HST extra).

12. Name and address of the pre-identified supplier

Name: Sasha Oyukuluk - Debson
Address: contractor’s place of business

13. Suppliers' right to submit a statement of capabilities

Suppliers who consider themselves fully qualified and available to provide the goods, services or construction services described in the ACAN, may submit a statement of capabilities in writing to the contact person identified in this notice on or before the closing date and time of this notice. This statement of capabilities must clearly demonstrate how the supplier meets the advertised requirements.

14. Closing date and time for a submission of a statement of capabilities

The closing date and time for accepting statements of capabilities is February 18, 2025 at 2: 00 PM (EST).

15. Inquiries and submission of statements of capabilities

Inquiries and statement of capabilities are to be directed to:

Eloïse Clément-Ferland
Regional supply and contract officer | Regional Service Center
250 Montée St-François, Laval QC H7C 1S5
Telephone: 514-235-9156
E-mail: eloise.clement@CSC-SCC.GC.CA",Correctional Service Canada,TRUE,High,"It requires Indigenous facilitation and capacity building, two of the core services on Indigenous Communities Engagement (ICE). A perfect fit."
EF928-230782 Intelliport - monitoring environmental variables using earth observation technologies,EF928-230782 Intelliport - monitoring environmental variables using earth observation technologies,Department of Public Works and Government Services (PSPC),TRUE,Medium,"Environmental monitoring is one of the core services of indigenous Communities Engagement (ICE). Although not related to indigenous communities, it is a good fit."
"EF245-190326_002 Project Management Services - COLLIERS PROJECT LEADERS INC., TIREE FACILITY SOLUTIONS INC. IN JOINT VENTURE",Project management services,Department of Public Works and Government Services (PSPC),TRUE,Low,"Project management is one of the services offered by Indigenous Communities Engagement (ICE), but this job is not related to Indigenous communities in anyway. Technically it could be performed by ICE, but it does  not seizes it's key differentiators."
EF245-190326_001 - Project Management Services - CIMA SENC,Project Management Services,Department of Public Works and Government Services (PSPC),TRUE,Low,"Project management is one of the services offered by Indigenous Communities Engagement (ICE), but this job is not related to Indigenous communities in anyway. Technically it could be performed by ICE, but it does  not seizes it's key differentiators."
Economic modelling and analysis,"The objective of this project is to produce short community profiles (up to 3 pages) to complement the Immigration Matters initiative. The community profiles would include: an economic overview with community strengths, infrastructure, challenges and opportunities, key statistics on labour shortage and top employment sectors as well as the role immigration has played in the growth of the communities and/or the role that immigration could play to help communities flourish. Each community profile will vary; however, the same template will be used. The profiles will highlight both the current and future positive contributions of immigration to communities.   Community selection for this project will be done in collaboration with IRCC.  
The community profiles will be posted on the Immigration Matters website, shared through IRCC social media channels and shared with IRCC collaborators and stakeholders to promote informed conversations on the importance of immigration in communities across Canada.

In 2022, Canada welcomed 431,645 newcomers - the most we’ve ever welcomed in a single year. The Government is continuing that ambition with the 2023–2025 Immigration Levels Plan, setting targets of 465,000 permanent residents in 2023, 485,000 in 2024 and 500,000 in 2025. These increases will help meet the Government of Canada’s economic, family reunification and humanitarian goals for immigration, with a longer-term focus on economic growth and an increased focus on attracting newcomers to different regions of the country, including small towns and rural communities.
Public opinion research tells us that while Canadians generally understand the importance of immigration to Canada at the national level, a portion have reservations about how it can affect them personally and their local communities. Some common myths and misperceptions persist regarding immigrants.  
In 2018, the Government of Canada implemented the Immigration Matters communications initiative that relies on a combination of storytelling and facts to dispel common myths about immigrants, inform Canadians about the social, economic and cultural benefits of immigration and promote positive engagement between Canadians and newcomers.
The community profiles element will help to establish a narrative and offer statistics on the effects of immigration in the chosen communities and will be posted on the IRCC website and social media channels and promoted via partnerships and media relations.","Immigration, Refugees and Citizenship Canada (IRCC)",TRUE,,This is not a service provided by Indigenous Communities Engagement (ICE) and is not related to indigenous people.
"Dismantling, disposal of furniture, relocation of employees and moving services to support National Accommodation Services, Indigenous Services Canada (ISC).","BACKGROUND:
The National Accommodations Directorate (Administrative Services Branch) is responsible for facility management and for modernization projects of both ISC and CIRNAC workspaces in different building located in NCR.

Also, the National Accommodations Directorate is involved in the coordination, with PSPC, for Les Terrasses de la Chaudière (LTDLC), a multi-year revitalization of the entire complex is underway and is responsible to dismantle and dispose existing furniture and relocate employees in the NCR for the entire project schedule.

At the same time, National Accommodations Directorate is proceeding with some refit project for office spaces in different buildings located in NCR which required dismantling, disposal and moves. Other projects in the NCR is also underway such as 200 Eglantine, Jeanne Mance Building and other will start in a near future.

OBJECTIVE: 
To acquire the services for dismantling of office furniture, disposal of furniture, provide bins and/or /boxes, moving services (movers and all required equipment to support the movers), disconnect, reconnect and re-install IT equipment with multiple service providers to support Indigenous Services Canada (ISC) and Crown-Indigenous Relations and Northern Affairs Canada (CIRNAC) facilities management and project in the National Capital Region (NCR) that includes all departmental spaces located in Gatineau, Quebec and Ottawa, Ontario.

Contract duration:
The contract period will be for 3 years from the date of contract with 2 option years.

Number of contracts:  
From this competitive process, ISC intent to award two contracts.
Estimated level of effort:  $250,000.00 per year per contract.

Security requirement:
There are security requirements associated with this bid solicitation.",Indigenous Services Canada,FALSE,,"Although it includes the word Indigenous, it is only to refer to the contractring organization. The work itself has nothing to do with indigenous communities and is out of the scope of services offered by Indigenous Communities Engagement (ICE)"
"Dental Contractor for the First Nations and Inuit Dental Clinic - Whitehorse, Yukon","Indigenous Services Canada’s (ISC), First Nations and Inuit Health Branch (FNIHB), Northern Region, requires a Dental Contractor to provide a Dental Team consisting of Dentist(s), Dental Assistant(s) and Dental Receptionist(s), to provide full time clinical dental services, within the scope of the Non-Insured Health Benefits (NIHB) Program to registered First Nations and recognized Inuit clients at an ISC owned dental clinic located in Whitehorse, Yukon.

The FNIDC is owned by ISC and opened in downtown Whitehorse, YT in April 2005. The dental clinic is located in the Elijah Smith Building at 100-300 Main Street. The FNIDC was established to provide access to dental services covered under the NIHB Program to registered First Nations and recognized Inuit clients. Clients accessing dental services at FNIDC do not pay a fee for service. The dental clinic has two (2) dental operatories and is computerized, operating on ABELDent Local + and SafeCom Imaging software. The FNIDC is open five (5) days a week, Monday to Friday from 8:00 am until 4:00 pm.

The Contractor must act in a culturally sensitive manner and be respectful of Indigenous culture and Indigenous Peoples, and provide NIHB eligible dental services to NIHB- eligible registered First Nations and recognized Inuit clients. The Contractor will be responsible for providing 219 full days of service per annum at the First Nations and Inuit Dental Clinic (FNIDC).

This procurement is subject to the following Comprehensive Land Claims Agreement(s):
Umbrella Final Agreement which encompasses all 11 CLCAs in the Yukon:
•	Carcross/Tagish First Nation
•	Champagne and Aishihik First Nations
•	Kluane First Nation
•	Kwanlin Dun First Nation
•	Little Salmon/Carmacks First Nation
•	First Nation of Nacho Nyak Dun
•	Selkirk First Nation
•	Ta'an Kwach'an First Nation
•	Teslin Tlingit Council
•	Tr'ondëk Hwëch'in
•	Vuntut Gwitchin First Nation

Period of the Contract:
The period of the Contract is from September 1, 2024 to August 31, 2027 inclusive.
Option to Extend the Contract:
The Contractor grants to Canada the irrevocable option to extend the term of the Contract by up to two (2) additional one (1) year period(s) under the same conditions.",Indigenous Services Canada ,FALSE,,"Although it includes the word Indigenous, Fisrt Nations and Inuit, the work itself has nothing to do the scope of services offered by Indigenous Communities Engagement (ICE)."
Community Benefits Agreements (CBA) in the Context of High Frequency Rail (HFR) Phase II,"Housing, Infrastructure and Communities Canada (HICC) is seeking a prequalified Supplier from TSPS Solutions SA E60ZT-16TSSB with strong community benefits expertise who can provide advice on how to integrate Community Benefits Agreements (CBA) into the High Frequency Rail (HFR) Project. The overarching intent of the Statement of Work is to further refine the policy intent for CBAs in HFR, and understand feasible delivery options, within the limitations of the Project’s maturity.","Housing, Infrastructure and Communities Canada ",TRUE,Low,"Although this does not exactly require any of the core services of Indigenous Communities Engagement (ICE), Community Benefits Agreements could be somewhat similar to multistakeholder engagement, but it's not specific about indigenous people. It is a fit, but not a great one."
Community Assessment & Parole Supervision - Native Counselling Services of Alberta,"To provide case management services for offenders on conditional release.

1.2 Tasks:

The contractor must provide the following services: 

1.	Conditional release supervision;
2.	Unescorted temporary absence and work release supervision; 
3.	Community assessments (CA); and
4.	Tandem accompaniment 

5.	The Contractor must follow all legislation and policies pertaining to the management and supervision of offenders under federal jurisdiction, in the completion of tasks related to the Statement of Work.

6.	The Contractor must contact the Project Authority or their designate for any clarification and inquiries relating to this contract or CSC legislation and policies, or both.  

7.	Where the Contractor has been provided with direct access to OMS in read/write mode,  the Contractor must make entries in relation to the services identified above in accordance with applicable legislation and policies.  Where the Contractor has not been provided with direct access to OMS, the Contractor must forward entries in relation to services identified above to CSC, as directed by the Project Authority and agreed upon by the Contractor, in accordance with all security requirements.

CONDITIONAL RELEASE - COMMUNITY SUPERVISION

8.	The Technical Authority will assign the supervision of offenders on conditional release and those subject to Long-Term Supervision Orders (LTSO) following the appropriate referral, review, and acceptance procedures established by CSC and in accordance with applicable legislation and policy.  

9.	The Contractor must ensure that offenders, their collateral contacts and local police agencies are provided with contact numbers to be used in times of crisis or, when the Contractor is unavailable.  

10.	At the initial interview with the offender, the Contractor must review items listed in the Initial Interview Checklist (CSC Form # 1331). The Contractor must forward a signed copy of the Initial Interview Checklist to the Technical Authority to be placed on the offender’s Case Management file.

11.	The Contractor must, on a regular basis, in accordance with supervision policies, in consultation with the Technical Authority, verify the offender's place of residence, confirm that the information contained in the Standard Profile is updated, and identify programs considered critical to the offender's reintegration. The Contractor must update the Standard Profile as changes occur in the offender’s situation.

12.	The Contractor must submit Case Management reports to the Technical Authority according to the format and frequency determined in consultation with the Project Authority and according to CSC policies.

13.	The Contractor must maintain clear, legible and detailed Casework Records which must include reference to all contacts made with the offender, location of contact (e.g. home, work); time and date of contact; type of contact (e.g. face to face, phone). The Contractor must clearly indicate in Casework Records if the contact is collateral and the name(s) of the collateral contact(s) and their relationship to the offender.  

14.	The Contractor must deliver all Casework Records prepared by the Contractor to CSC within a maximum of seven (7) days following the contact or activity in accordance with policy requirements. If the Contractor has access to OMS, the Contractor must enter Casework Records in OMS in accordance with policy as soon as possible, but no later than seven (7) calendar days.

15.	At the request of the Technical Authority, the Contractor must prepare and submit a formal written report (which may include, but is not limited to, the Correctional Plan [CP] - Updated, Assessment for Decision) to the Technical Authority in the following circumstances:
a.	an increase in the offender’s risk;
b.	a breach of a special condition;
c.	suspension;
d.	transfer of the case;
e.	proposal for change to the conditions of release;
f.	any situation requiring notification to the Parole Board of Canada; 
g.	exceptional incidents; and,
h.	termination of supervision (including suspension and warrant expiry).

16.	The Contractor must share the contents of the CP – Updated with the offender.

17.	Case Conferences between the Contractor and the Technical Authority will take place at a frequency determined in consultation with the Technical Authority and according to CSC policies.  The Case Conferences must address the behaviour of the offender and the strategies which might be required in the management of the case, and the Contractor must note the results in a Casework Record.

18.	The Contractor must be cognizant of and consider all relevant information provided to CSC by victims in the management of an offender’s case.

TEMPORARY ABSENCES (The supervision of offenders on Unescorted Temporary Absence (UTA), or the supervision of offenders on Work Release (WR), or both).

19.	At the request of the Project Authority, the Contractor must meet in person or by telephone with offenders released to the area on an UTA or WR, in accordance with reporting requirements identified in the offender’s temporary absence permit.  

20.	The Contractor must conduct a follow-up interview with the UTA/WR sponsor immediately following completion of the UTA or WR. The Contractor can complete this interview by telephone. 

21.	The Contractor must complete and forward an evaluation, using a Community Assessment, to the Technical Authority following the completion of the absence.  The evaluation will relate to the specific objectives outlined in the original decision granting the UTA. 

TANDEM SUPERVISION (The accompaniment of the assigned Contractor by a second individual).

22.	The Contractor must, in consultation and as approved by the Technical Authority, obtain the assistance of a second CSC-authorized person (e.g. Program Officer, Psychologist, Parole Officers, Police Officer) to accompany them on home visits in accordance with CSC’s Tandem Supervision policy.

23.	The Contractor must, at the request of the Project Authority, accompany a CSC Parole Officer on a tandem supervision home visit.  

REPORT WRITING 

24.	In addition to the reporting requirements outlined in the sections entitled ‘CONDITIONAL RELEASE – COMMUNITY SUPERVISION’ and ‘TEMPORARY ABSENCES’, the Contractor must complete the following reports at the request of the Project Authority in accordance with applicable legislation and policy: 

a.	Preliminary Assessment report; 
b.	Community Assessment report; 
c.	Post-Sentence Community Assessment report; and 
d.	Community Strategy report. 

25.	The Contractor must submit the completed reports to the Technical Authority in an electronic format or hard copy, or both as identified by the Project Authority and agreed upon by the Contractor, within the timeframes outlined in applicable policies.",Correctional Service Canada,FALSE,,The required work has nothing to do with the core services of Indigenous Communities Engagement (ICE)
"Chemical Analysis of Sediment, Tissue and Water","NOTICE OF PROPOSED PROCUREMENT (NPP)

Solicitation No. 30005088A

Project Description:

The Department of Fisheries and Oceans Canada (DFO) has a service requirement for Chemical analysis of animal tissues, fish feed, fish feces, water and sediment to assess environmental impacts of fish farming.  

Background:

In June 2022, Biigtigong Nishnaabeg, a First Nation located just east of Marathon, Ontario licensed an aquaculture facility in the Peninsula Harbour area of Lake Superior, an area of the lake designated as an Area of Concern for mercury and PCB contamination. DFO Science surveyed sediment at the farm and at reference sites as part of a science program looking at cumulative effects.   Operation of the farm for 1 growing season resulted in a visible accumulation of organic waste on the sediment and altered sediment and porewater chemistry.  An unanticipated finding was that those impacts to the sediment in turn affected mercury mobility and methylation.  Detection of elevated mercury methylation in the area with waste accumulation resulted in a decision by Biigtigong Nishnaabeg to suspend the farm license as well as cancellation of the  DFO science project. DFO Science at the request of and in collaboration with Biigtigong Nishnaabeg, is now assessing the severity of contamination and measuring/predicting recovery trajectory by comparing how conditions change over time since farm closure. 

In 2023, DFO Science, in collaboration with Biigtigong Nishnaabeg Sustainability Department staff, collected a wide range of samples from locations under and around the fish farm as well as from reference locations (sediment samples, tissue samples of invertebrates and fish, etc.).  DFO Science is also conducting experiments to examine methylation of mercury  in sediment and to look at mercury  and methylmercury assimilation/excretion by farmed fish and these experiments will  generate samples of feed, fish faecal material and water that need to be analyzed.  Samples are to be analyzed for total mercury, methylmercury, organic content by loss on ignition, elemental analysis of metals via ICP-MS, and elemental carbon and nitrogen analysis.

Objective of the Requirement:

The objective of this requirement is to obtain the highest quality possible analysis of the samples for a wide suite of analytical parameters necessary to understand how fish farming is affecting ecological conditions, in particular, mercury availability and methylation.

Contract Period:
The contract is for the period from the contract award to March 28, 2024 with the option to extend the contract for one (1) period of one (1) year.",Fisheries and Oceans Canada,TRUE,High,"This seems like data collection for environmental monitorign, both core services of Indigenous Communities Engagement (ICE). I'd say it is a geat fit."
Chartering of a vessel specialized in purse seine fishing to catch live herring in the western sector of NAFO Division 4S,"The Science Sector of Fisheries and Oceans Canada (DFO) is mandated to provide scientific information essential to the conservation and sustainable use of fisheries resources. Scientists assess stock status and advise fishery managers and industry on conservation and management measures to adopt to protect exploited species. They conduct research on the biology, ecology and physiology of marine invertebrates and fish, as well as on the factors influencing their abundance, recruitment, growth and reproduction.

The objective of this work is to develop conservation strategies that ensure the sustainable exploitation of resources, by increasing the data available on the migration patterns of herring stocks in the northern Gulf of St. Lawrence. Herring is a pelagic fish with a major ecological role since it is preyed upon by several predators, including certain species of commercial importance. It also supports important commercial fisheries in NAFO Divisions 4R, 4S, 4TVn and 4VWX.

The chartered fishing vessel will have to follow the itinerary provided by DFO in order to search the area targeted by the project. The fishing vessel should catch herring using its purse seine when aggregations of herring are detected by the echo sounder along the route traveled and when bottom conditions, currents (and winds) and the depth of the school of fish are suitable.

Herring should be caught alive in such a way as to tighten the school sufficiently, but not too much, in order to bring the specimens on board using a dip net. The herring will be kept in a holding tank (i.e. Xactic of about 800 liters) supplied with fresh seawater with a sufficient flow (i.e. minimum of 3-4 renewals in the tank per hour). A sub-sample of herring must be kept (n=55) and frozen for each fishing set that will have made it possible to capture enough herring to mark at least 30 individuals. A maximum of 110 herring could be tagged, in two or three rounds of tagging.

Once the tagging procedures have been completed, the tagged herring will be kept under observation for 1-2 hours in a second tank before being released. Tagged herring should be released with unmarked herring, and at a location where there is an aggregation of herring if possible.

The initial contract period is expected to start in October until November 30, 2023. The project duration (days at sea) is approximately 5 days. The supplier will have until November 30, 2023 to deliver the data and frozen samples, if applicable. The exact number of days at sea will be weather dependent and will be determined by the DFO scientist in charge in consultation with the contractor.

The contractor will be paid according to the number of days at sea and at dock. Days at sea include days when the vessel is looking for herring aggregations accompanied by DFO personnel. A day at sea may be counted even if no fish are caught provided that a member of the DFO scientific team judges that the crew of the fishing vessel has worked diligently. Working days will be 24 hours a day.

Loading of equipment and reception of DFO staff will take place and end in Natashquan (Qc). Transit days to get to the loading and unloading port (Natashquan, Qc) before the start of the contract will not be counted as sea days and cannot be invoiced.
Once the project has started, the days described below will be considered as a day spent at the wharf and will therefore be billed at the rate specified in Annex B (Basis of Payment):

•	Scientific team loading and unloading days, if required.
•	Days of bad weather conditions forcing the chartered fishing vessel to stay at the wharf.
Days spent at the wharf due to a breakdown in the equipment of the fishing vessel will not be counted as a day at sea or a day spent at the wharf. They cannot be invoiced.

The chartered fishing vessel must follow the instructions of the DFO mission head (scientist).

The fishing vessel must navigate in unit area 4Sy as a priority, unless the DFO mission head decides otherwise. The crew of the fishing vessel will assist DFO personnel in collecting samples. They will be required to help count a sub-sample of intact herring, put it in a box and freeze it on board the fishing vessel.

Fishing will be done using a purse seine, whose mesh size is adequate for catching small pelagic fish such as herring.

The contractor must provide the fishing crew, the fishing vessel and the necessary equipment (fishing gear, repair kits, maps for navigation, freezer, etc.). Tagging equipment, boxes for fish samples and plastic bags will be provided by DFO. 

The Contractor will be responsible for managing its fuel and food reserves, dockside fees, and other needs.

The contractor will be required to take on board two DFO scientific staff and provide them with meals for the duration of the project. The crew will be informed of food allergies or intolerances of scientific staff. DFO staff will bring survival suits for the science crew.

The chartered vessel and fishing gear required for the project will have to be ready and previously tested before contract award, to be operational by that date. It is important that a seine damage repair kit be available on the vessel during operations.",Fisheries and Oceans Canada,FALSE,,Neither fishing nor vessels provision are services provided by Indigenous Communities Engagement (ICE)
"CANCELLED - Environmental Monitoring Services, Faro Mine Remediation Project","Environmental monitoring services at the Faro Mine and Vangorda Mine located in the Faro Mine Complex (FMC), Yukon Territory",Department of Public Works and Government Services (PSPC),TRUE,Medium,"It requires environmental monitoring, one of the core services of Indigenous Communities Engagement (ICE). It does no mention indigenous communities or peoples, but it still is a good fit."
Business Consultant:   Business Intelligence and Data Management consultation services for Deputy Chief Financial Officer’s directorate,"PLEASE NOTE: This procurement is set aside under the federal government Procurement Strategy for Indigenous Business. For more information on Indigenous business requirements of the Set-aside Program for Indigenous Business, refer to Annex 9.4 of the Supply Manual.

This requirement is open only to those TBIPS Supply Arrangement Holders who qualified under Tier 1 for services in the National Capital Region for the following category:
The estimated level of effort required per year:
One (1) resource: Business Consultant: 200 days
Option year 1: One (1) resource: Business Consultant: 180 days 
Option year 2: One (1) resource: Business Consultant: 48 days 
Option year 3: One (1) resource: Business Consultant: 48 days 

The Public Health Agency of Canada has a requirement for one Business Consultant to support the strategic implementation of a comprehensive Business Intelligence solution for multiple internal stakeholders. This solution aims to fully integrate relevant data governance, data modeling, and advanced analytics approaches and tools. The consultant will also play a vital role in supporting the implementation strategy to achieve DCFO's goals and business interests, including the seamless integration of results reporting within the Business Intelligence strategy. Additionally, the consultant will be responsible for identifying any gaps and conducting investigations into emerging technologies, as required.

The TBIPS Level 3 B.3 Business Consultant will be required “on an as and when needed” basis over a period of one (year) with an additional three (3) one year Option Periods. Task Authorizations (TAs) will be issued against Service Outline Agreements to support the various Public Health Agency of Canada initiatives.
Security Requirement:	Common PS SRCL #22 applies
Minimum Corporate Security Required:	Facility Security Clearance - Secret
Minimum Resource Security Required: 	Secret
Document Safeguarding Required:            Secret",Health Canada,TRUE,Low,"Business advisory is one of the services offered by Indigenous Communities Engagement (ICE), but this job is not related to Indigenous communities in anyway. Technically it could be performed by ICE, but it does  not seizes it's key differentiators."
BC Interior Fraser / Thompson River Catch Monitoring Program,"Fisheries and Oceans Canada requires up to 13 Standing Offers to carry out work associated with the First Nations Food, Social &amp; Ceremonial (FSC) fishery and the Recreational fishery. Catch Monitoring activities are based throughout several geographical areas and includes multiple sites on the Fraser River and Thompson River watersheds within the British Columbia Interior (BCI) area. The Offeror and their resources (monitors) are required to carry out the work as described under the tasks section of the applicable Appendix based on project name and geographical location, and oversee the work to ensure it is performed properly and completely.",Fisheries and Oceans Canada,TRUE,High,"It seems to require environmental monitoring and indigenous facilitation, two of the core services of Indigenous Communities Engagement (ICE)."
Audit Services on Recipient Funding Arrangements for the Department of Indigenous Services Canada (ISC),"Indigenous Services Canada (ISC) seeks to establish one (1) contract for Audit Support Services, as defined in Annex A, Statement of Work, and to be provided under the Contract, on an “as and when requested” basis only, for three (3) years with two (2) one (1) year option periods.

Objective:  To identify a supplier and their proposed resources to work with the Chief Finances, Results and Delivery Officers (CFRDO) of ISC and CIRNAC in preparing and carrying out their respective Recipient Audit Plan in providing an acceptable level of assurance that the recipient(‘s):

•	has met the financial and non-financial terms and conditions of the funding arrangements; 
•	has management practices in place to support the delivery of the program or project and the management of the funding arrangements throughout its life-cycle and to ensure they are adequate and high quality;
•	compliance to terms and conditions of the funding arrangements; the program management and financial control practices are in place to ensure the effective delivery of programs/services activities funded; the recipient’s management practices; and/or the integrity of any data which has been reported by the recipient; and,
•	has developed the operational capacity required to deliver services as per the Funding Arrangements.

This procurement is subject to the following Comprehensive Land Claims Agreements:

•	Maa-nulth First Nations Final Agreement
•	Tsawwassen First Nation Final Agreement
•	James Bay and Northern Quebec Agreement (JBNQA)
•	Eeyou Marine Region Land Claims Agreement
•	Northeastern Quebec Agreement
•	Nunavik Inuit Land Claims Agreement
•	Labrador Inuit Land Claims Agreement
•	Gwich’in Comprehensive Land Claims Agreement
•	Inuvialuit Final Agreement
•	Sahtu Dene and Metis Comprehensive Land Claims Agreement
•	Nisga’a Agreement
•	Tlicho Land Claims Agreement
•	Nunavut Land Claims Agreement
•	Carcross/Tagish First Nations Final Agreement
•	Champagne and Aishihik First Nations Final Agreement
•	Kluane First Nation Final Agreement
•	Kwanlin Dun First Nation Final Agreement
•	Little Salmon/Camacks First Nations Final Agreement
•	First Nation of Nacho Nyak Dun Final Agreement
•	Selkirk First Nation Final Agreement
•	Ta’an Kwach’an Council Final Agreement
•	Teslin Tlingit Council Final Agreement
•	Tr’ondëk Hwëch’in Final Agreement
•	Vuntut Gwitchin First Nation Final Agreement
•	Tla’amin Final Agreement",Indigenous Services Canada,FALSE,,"Although it includes the word Indigenous, it is only to refer to the contractring organization. The work itself has nothing to do with indigenous communities and is out of the scope of services offered by Indigenous Communities Engagement (ICE)"
Analytical Support for Engagement Process to Develop Management Targets for Skeena and Nass Sockeye Salmon,"This contract will provide technical and analytical support to a multistakeholder engagement process that will be held during the 2023-2024 fiscal year to seek advice from stakeholders and rights holders on Canada’s recommendation to maintain or change the current escapement goals for Skeena and Nass sockeye salmon. The engagement process will include two stakeholder workshop. 

For the first workshop, the Contractor will present options for analytical work and seek feedback from workshop participants on the information that will be required to inform decisions on appropriate escapement goals. The analytical work, consisting of agreed-upon extensions to a simulation model that was developed for previous stages of the escapement goal review, will be implemented between the first and the second workshop, which will require the Contractor to run simulations of alternative scenarios. Simulation outputs will be summarized and communicated to workshop participants at the second workshop. The Contractor will develop presentation materials including summary handouts and one or more presentation slide decks.

As part of this work, the Contractor will also be required to complete revisions to the technical
documentation to support the evaluation process, including the CSAS Research Document and
supplementary data report.",Fisheries and Oceans Canada,TRUE,High,"This requires multistakeholder engagement, one of the core services of Indigenous Communities Engagement (ICE)."
Amend 000 - EP922-222503 - Functional Program - Indigenous Services Canada (ISC) and Indian Oil and Gas Canada (IOGC),EP922-222503 - Functional Program - Indigenous Services Canada (ISC) and Indian Oil and Gas Canada (IOGC),Department of Public Works and Government Services (PSPC),FALSE,,"Although it includes the word Indigenous, it is only to refer to the contractring organization. The work itself has nothing to do with indigenous communities and is out of the scope of services offered by Indigenous Communities Engagement (ICE)"
"A-35  CEBA Program Staff Augmentation, Operations and Project Support for the Ca","Introduction of additional scope for the EDC CEBA programing in the areas of 1) program expansion 2) loan administration and funding 3) technology data, reporting and reconciliation 4) program administration and communication 5) payments, asset management and collections 6) call center and 7) investigations and anomalies.&nbsp;&nbsp; Scope under these areas included but was not limited to technology infrastructure development, system programming to enable new decision-logic, data-feed exchanges with Financial Instituions, Canada Revenue Agency, and other stakeholders, and reporting creation and testing?, audit and compliance requirements, program-wide communications to all stakeholders via the various channels, development, ongoing management, and administration of the call-centre, daily processing of CEBA application requests, management of funding activities, and handling of inquiries relating to the application and funding process?, management of repayments etc.&nbsp;&nbsp;
Purchase Order Number 71632",Export Development Canada - EDC,FALSE,,"Project management is one of the services offered by Indigenous Communities Engagement (ICE), but this job is not related to Indigenous communities in any way. This seems very specifically tailored for a human resources company."
24-58312_NPP_Project Management Services,"As a complex knowledge-based organization, the National Research Council’s (NRC) requires an experienced of qualified, frequently needed Project Coordinator and Project Manager resources on an “as and when needed” basis in response to demand to execute IM/IT related projects.",National Research Council of Canada (NRC),TRUE,Low,"Project management is one of the services offered by Indigenous Communities Engagement (ICE), but this job is not related to Indigenous communities in anyway. Technically it could be performed by ICE, but it does  not seizes it's key differentiators."
21847-230064 - Community Engagement Services,The Correctional Service Canada has a requirement for a Community Engagement Officer at itsKwikwèxwelhp Healing Village in British Columbia. The requirement is for a 1-year Contract with 2 additional 1-year options to extend.,Department of Public Works and Government Services (PSPC),TRUE,High,It requires community engagement services ofr aHealing Village for indigeouns inmates. It seems like a great fit for Indigenous Communities Engagement (ICE)
"2.13 Performance Measurement Consultant, Level of Expertise: Senior","NOTE: This procurement is set aside for Indigenous business under the federal government Set-aside Program for Indigenous Business
NOTE: Ce marché est réservé aux entreprises autochtones dans le cadre du programme fédéral de marché réservé aux entreprises autochtones.

Employment and Social Development Canada (ESDC) is interested in reviewing the current (Indigenous Skills and Employment Training) ISET performance measurement approach to ensure that it effectively supports assessing and reporting out on program impacts and progress towards reducing the skills and employment gaps. This will include the identification of recommendations for analysis, measurement, future reporting, as well as data collection, as appropriate, that better identifies and communicates impacts, including the impacts of the work of the ISET Indigenous service delivery network that delivers the program to their respective First Nations, Métis, Inuit and Urban/Non-affiliated community members.",Employment and Social Development Canada,TRUE,High,"this requires research on indigenous training and capacity development, core services of Indigenous Communities Engagement (ICE)."
(NPP) Business Support Services,"The objective of this requirement is to obtain professional services related to planning, change management, and policy. There is a need for support to undertake work activities ranging from business transformation, performance measurement, strategic plans, policy analysis, engagement, governance, and the government’s decision-making processes.",Natural Resources Canada,FALSE,,"Business advisory is one of the services offered by Indigenous Communities Engagement (ICE), but this job is not related to Indigenous communities in anyway. Technically it could be performed by ICE, but it does  not seizes it's key differentiators."